titleID,title,nameID,name
30311456,"""La dueña (telenovela de 1995)""@es",11998042,"""Angélica Rivera""@es"
2899885,"""Alcanzar una estrella II""@es",11998042,"""Angélica Rivera""@es"
2659808,"""Mi pequeña Soledad""@es",11998042,"""Angélica Rivera""@es"
45185186,"""Lo blanco y lo negro""@es",12792843,"""Elsa Aguirre""@es"
45039324,"""Aprendiendo a amar""@es",12664412,"""Ernesto Alonso""@es"
45185186,"""Lo blanco y lo negro""@es",12664412,"""Ernesto Alonso""@es"
50034729,"""Gente bien""@es",12280049,"""Isela Vega""@es"
12060503,"""La otra (telenovela)""@es",11981369,"""Jacqueline Andere""@es"
44734260,"""Ha llegado una intrusa""@es",11981369,"""Jacqueline Andere""@es"
49829307,"""Mi querida Isabel""@es",11981369,"""Jacqueline Andere""@es"
6063374,"""¡Vivan los niños!""@es",12351536,"""Joaquín Cordero""@es"
6449130,"""Amor en silencio""@es",12351536,"""Joaquín Cordero""@es"
45033491,"""Amor de nadie""@es",12351536,"""Joaquín Cordero""@es"
44734260,"""Ha llegado una intrusa""@es",12351536,"""Joaquín Cordero""@es"
49855224,"""Canción de amor (telenovela)""@es",12351536,"""Joaquín Cordero""@es"
26144851,"""Zacatillo, un lugar en tu corazón""@es",12795237,"""Jorge Aravena (actor)""@es"
48548443,"""Un camino hacia el destino""@es",12795237,"""Jorge Aravena (actor)""@es"
3854854,"""Amor real""@es",12047380,"""Mauricio Islas""@es"
49965579,"""Amor gitano (telenovela mexicana)""@es",12047380,"""Mauricio Islas""@es"
49916746,"""Preciosa""@es",12047380,"""Mauricio Islas""@es"
26730771,"""Luz Clarita""@es",11998526,"""Sussan Taunton""@es"
45205235,"""Las grandes aguas""@es",27180573,"""José Carlos Ruiz""@es"
45681822,"""Encadenados (telenovela)""@es",27097779,"""Leonardo Daniel""@es"
45465510,"""Seducción (telenovela)""@es",27097779,"""Leonardo Daniel""@es"
50076902,"""El secreto de Alejandra""@es",27097779,"""Leonardo Daniel""@es"
30311456,"""La dueña (telenovela de 1995)""@es",26214907,"""Rosita Quintana""@es"
31896749,"""Dos hogares""@es",26316927,"""Sergio Goyri""@es"
3297493,"""Piel de otoño""@es",26316927,"""Sergio Goyri""@es"
37444146,"""Te sigo amando""@es",26316927,"""Sergio Goyri""@es"
27851364,"""Alma de hierro""@es",28123767,"""Blanca Guerra""@es"
44757128,"""Lo que el cielo no perdona""@es",28123767,"""Blanca Guerra""@es"
32486569,"""Esperanza del corazón""@es",28094532,"""Julissa""@es"
5685147,"""La fea más bella""@es",28094532,"""Julissa""@es"
45483445,"""Tal como somos (telenovela)""@es",28094532,"""Julissa""@es"
28116313,"""Simplemente María (telenovela de 1989)""@es",28479135,"""Manuel Saval""@es"
27982218,"""Sueños y caramelos""@es",28479135,"""Manuel Saval""@es"
25971688,"""Juro que te amo""@es",31187363,"""Ana Brenda Contreras""@es"
36805363,"""El juego de la vida (telenovela mexicana)""@es",31339310,"""Margarita Magaña""@es"
49931824,"""Una luz en el camino""@es",30473818,"""Mariana Botas""@es"
26417455,"""Niña de mi corazón""@es",31379220,"""Paulina Goto""@es"
32686082,"""Miss XV""@es",31379220,"""Paulina Goto""@es"
61733608,"""Vencer el miedo""@es",31379220,"""Paulina Goto""@es"
48548443,"""Un camino hacia el destino""@es",31379220,"""Paulina Goto""@es"
32486569,"""Esperanza del corazón""@es",30818490,"""Samadhi Zendejas""@es"
32111200,"""El equipo""@es",30391520,"""Zuria Vega""@es"
33709206,"""Un refugio para el amor""@es",30391520,"""Zuria Vega""@es"
25300989,"""Mar de amor""@es",30391520,"""Zuria Vega""@es"
50015159,"""La jaula de oro (telenovela)""@es",54346416,"""Antonio Medellín""@es"
45033491,"""Amor de nadie""@es",17522852,"""Bertín Osborne""@es"
37180945,"""Bodas de odio""@es",35471069,"""Yolanda Mérida""@es"
45052335,"""Juegos del destino""@es",36786772,"""Lucy Gallardo""@es"
22921474,"""Camaleones (telenovela)""@es",156762,"""Belinda (cantante)""@es"
4453807,"""Aventuras en el tiempo""@es",156762,"""Belinda (cantante)""@es"
3370569,"""Amigos por siempre (telenovela)""@es",156762,"""Belinda (cantante)""@es"
45542224,"""El alma no tiene color""@es",166331,"""Celia Cruz""@es"
26114336,"""Entre el amor y el odio""@es",288167,"""César Évora""@es"
26730771,"""Luz Clarita""@es",288167,"""César Évora""@es"
33720317,"""Amor bravío""@es",288167,"""César Évora""@es"
50034729,"""Gente bien""@es",288167,"""César Évora""@es"
26730771,"""Luz Clarita""@es",157860,"""Daniela Luján""@es"
7891048,"""El diario de Daniela""@es",157860,"""Daniela Luján""@es"
3145533,"""Rosalinda (telenovela)""@es",233413,"""Fernando Carrillo (actor)""@es"
37310395,"""Siempre te amaré (telenovela)""@es",233413,"""Fernando Carrillo (actor)""@es"
26731401,"""El derecho de nacer (telenovela de 2001)""@es",177056,"""Kate del Castillo""@es"
30604219,"""Imperio de cristal""@es",177056,"""Kate del Castillo""@es"
49595649,"""Mágica juventud""@es",177056,"""Kate del Castillo""@es"
49896844,"""Alguna vez tendremos alas""@es",177056,"""Kate del Castillo""@es"
49850993,"""Azul (telenovela)""@es",177056,"""Kate del Castillo""@es"
32486569,"""Esperanza del corazón""@es",240339,"""Lucía Méndez (actriz)""@es"
45033491,"""Amor de nadie""@es",240339,"""Lucía Méndez (actriz)""@es"
26731401,"""El derecho de nacer (telenovela de 2001)""@es",189850,"""Saúl Lisazo""@es"
45033491,"""Amor de nadie""@es",189850,"""Saúl Lisazo""@es"
29378583,"""Vivo por Elena""@es",189850,"""Saúl Lisazo""@es"
49736680,"""Bajo un mismo rostro""@es",189850,"""Saúl Lisazo""@es"
50015159,"""La jaula de oro (telenovela)""@es",189850,"""Saúl Lisazo""@es"
47149066,"""La fuerza del amor (telenovela)""@es",361973,"""Eduardo Palomo""@es"
45205471,"""El ángel caído (telenovela)""@es",361973,"""Eduardo Palomo""@es"
45163881,"""La casa al final de la calle""@es",361973,"""Eduardo Palomo""@es"
45483445,"""Tal como somos (telenovela)""@es",361973,"""Eduardo Palomo""@es"
3804927,"""Corazón salvaje (telenovela de 1993)""@es",361973,"""Eduardo Palomo""@es"
49853610,"""Morir dos veces""@es",361973,"""Eduardo Palomo""@es"
7905446,"""María la del barrio (telenovela)""@es",406613,"""Itatí Cantoral""@es"
50073142,"""Salud, dinero y amor""@es",406613,"""Itatí Cantoral""@es"
49885058,"""Tú y yo (telenovela)""@es",406613,"""Itatí Cantoral""@es"
49885058,"""Tú y yo (telenovela)""@es",357723,"""Joan Sebastian""@es"
49850993,"""Azul (telenovela)""@es",399805,"""Keiko (orca)""@es"
26144851,"""Zacatillo, un lugar en tu corazón""@es",477840,"""Laura Zapata""@es"
47235222,"""La gata (telenovela de 2014)""@es",477840,"""Laura Zapata""@es"
2963811,"""Amigas y rivales""@es",408697,"""Ludwika Paleta""@es"
27982218,"""Sueños y caramelos""@es",437464,"""María Antonieta de las Nieves""@es"
2659808,"""Mi pequeña Soledad""@es",431302,"""Salvador Pineda""@es"
7905446,"""María la del barrio (telenovela)""@es",363163,"""Thalía""@es"
3145533,"""Rosalinda (telenovela)""@es",363163,"""Thalía""@es"
3381621,"""Quinceañera (telenovela)""@es",363163,"""Thalía""@es"
28116313,"""Simplemente María (telenovela de 1989)""@es",468967,"""Victoria Ruffo""@es"
45036233,"""Al rojo vivo (telenovela)""@es",468967,"""Victoria Ruffo""@es"
29378583,"""Vivo por Elena""@es",468967,"""Victoria Ruffo""@es"
49610651,"""Capricho (telenovela)""@es",468967,"""Victoria Ruffo""@es"
27982218,"""Sueños y caramelos""@es",7873992,"""Alessandra Rosaldo""@es"
31008675,"""Ni contigo ni sin ti""@es",7873992,"""Alessandra Rosaldo""@es"
31267614,"""Rafaela (telenovela de 2011)""@es",7354003,"""Chantal Andere""@es"
5547088,"""Sentimientos ajenos""@es",7354003,"""Chantal Andere""@es"
4515800,"""Barrera de amor""@es",7354003,"""Chantal Andere""@es"
3406936,"""Alborada (telenovela)""@es",8016517,"""Daniela Romo""@es"
2046188,"""Mundo de juguete""@es",7485563,"""Gloria Marín""@es"
3381621,"""Quinceañera (telenovela)""@es",7236156,"""Jorge Lavat""@es"
27482326,"""Cuando me enamoro (telenovela)""@es",7346154,"""Silvia Navarro""@es"
33720317,"""Amor bravío""@es",7346154,"""Silvia Navarro""@es"
46273961,"""Caminos de Guanajuato""@es",31927744,"""Alberto Guerra (actor)""@es"
45094706,"""Guadalupe (telenovela mexicana)""@es",32536229,"""Alma Delfina""@es"
45340860,"""Marionetas (telenovela)""@es",32536229,"""Alma Delfina""@es"
32915739,"""Amorcito corazón (telenovela)""@es",32268726,"""Diego Olivera""@es"
47570086,"""Mentir para vivir""@es",32268726,"""Diego Olivera""@es"
32111200,"""El equipo""@es",32587419,"""Fabián Robles""@es"
33709206,"""Un refugio para el amor""@es",32696552,"""Jessica Coch""@es"
5523348,"""Código postal (telenovela)""@es",32696552,"""Jessica Coch""@es"
32486569,"""Esperanza del corazón""@es",32523940,"""Lisardo""@es"
34162327,"""Amor cautivo""@es",31922315,"""Marimar Vega""@es"
50076902,"""El secreto de Alejandra""@es",32083607,"""María Sorté""@es"
32111200,"""El equipo""@es",32651200,"""Roberto Blandón""@es"
33709206,"""Un refugio para el amor""@es",32651200,"""Roberto Blandón""@es"
49854542,"""Para toda la vida""@es",32651200,"""Roberto Blandón""@es"
47130158,"""Cenizas y diamantes (telenovela)""@es",31922056,"""Sergio Bustamante""@es"
48884055,"""Infamia (telenovela)""@es",31922056,"""Sergio Bustamante""@es"
45185435,"""El cristal empañado""@es",33193871,"""Diana Golden""@es"
34162327,"""Amor cautivo""@es",32792246,"""Héctor Bonilla""@es"
45163881,"""La casa al final de la calle""@es",32792246,"""Héctor Bonilla""@es"
45094787,"""La pasión de Isabela""@es",32792246,"""Héctor Bonilla""@es"
3804927,"""Corazón salvaje (telenovela de 1993)""@es",33209053,"""Luz María Aguilar""@es"
19012164,"""Un gancho al corazón""@es",33209150,"""Raúl Araiza Herrera""@es"
49875076,"""La culpa (telenovela)""@es",33209150,"""Raúl Araiza Herrera""@es"
49763300,"""Retrato de familia (telenovela mexicana)""@es",33209150,"""Raúl Araiza Herrera""@es"
27851364,"""Alma de hierro""@es",35209680,"""Alejandro Camacho""@es"
30604219,"""Imperio de cristal""@es",35209680,"""Alejandro Camacho""@es"
2046282,"""Cuna de lobos""@es",35209680,"""Alejandro Camacho""@es"
45205471,"""El ángel caído (telenovela)""@es",35209680,"""Alejandro Camacho""@es"
49965579,"""Amor gitano (telenovela mexicana)""@es",35209680,"""Alejandro Camacho""@es"
49858181,"""La sombra del otro""@es",35209680,"""Alejandro Camacho""@es"
45542224,"""El alma no tiene color""@es",35383771,"""Claudia Islas""@es"
3804927,"""Corazón salvaje (telenovela de 1993)""@es",35383771,"""Claudia Islas""@es"
33720317,"""Amor bravío""@es",34949740,"""Flavio Medina""@es"
45465510,"""Seducción (telenovela)""@es",34010093,"""Irma Dorantes""@es"
31008675,"""Ni contigo ni sin ti""@es",34683464,"""Laura Carmine""@es"
34162327,"""Amor cautivo""@es",12795632,"""Fernando Ciangherotti""@es"
45340860,"""Marionetas (telenovela)""@es",12795632,"""Fernando Ciangherotti""@es"
49641638,"""Entre la vida y la muerte (telenovela)""@es",12795632,"""Fernando Ciangherotti""@es"
31267614,"""Rafaela (telenovela de 2011)""@es",19350385,"""Scarlet Ortiz""@es"
27482326,"""Cuando me enamoro (telenovela)""@es",26045918,"""René Casados""@es"
45513470,"""Dos vidas (telenovela mexicana)""@es",26045918,"""René Casados""@es"
50015159,"""La jaula de oro (telenovela)""@es",26045918,"""René Casados""@es"
49936891,"""Infierno en el paraíso""@es",693474,"""Alicia Machado""@es"
26417455,"""Niña de mi corazón""@es",665102,"""Erick Elías""@es"
31008675,"""Ni contigo ni sin ti""@es",665102,"""Erick Elías""@es"
36538624,"""Amy, la niña de la mochila azul""@es",706482,"""Tatiana (cantante)""@es"
12385024,"""Camila (telenovela)""@es",1157930,"""Biby Gaytán""@es"
2899885,"""Alcanzar una estrella II""@es",1157930,"""Biby Gaytán""@es"
2178427,"""Rubí (telenovela de 2004)""@es",1363900,"""Bárbara Mori""@es"
3007086,"""Azul tequila""@es",1363900,"""Bárbara Mori""@es"
24905245,"""Alma rebelde""@es",1354058,"""Eduardo Verástegui""@es"
31896749,"""Dos hogares""@es",1350212,"""Laura León""@es"
37444146,"""Te sigo amando""@es",1325618,"""Luis José Santander""@es"
3006486,"""Nada personal (telenovela)""@es",1153351,"""Lupita Ferrer""@es"
3145533,"""Rosalinda (telenovela)""@es",1153351,"""Lupita Ferrer""@es"
2392988,"""Clase 406""@es",1960404,"""Aarón Díaz""@es"
2415826,"""Teresa (telenovela de 2010)""@es",1960404,"""Aarón Díaz""@es"
2415826,"""Teresa (telenovela de 2010)""@es",1991791,"""Angelique Boyer""@es"
2963811,"""Amigas y rivales""@es",2006063,"""Arath de la Torre""@es"
12385024,"""Camila (telenovela)""@es",1992343,"""Eduardo Capetillo""@es"
6063374,"""¡Vivan los niños!""@es",1992343,"""Eduardo Capetillo""@es"
3939570,"""Alcanzar una estrella""@es",1992343,"""Eduardo Capetillo""@es"
36538624,"""Amy, la niña de la mochila azul""@es",1992343,"""Eduardo Capetillo""@es"
48588521,"""Morir para vivir""@es",1992343,"""Eduardo Capetillo""@es"
49855224,"""Canción de amor (telenovela)""@es",1992343,"""Eduardo Capetillo""@es"
2392988,"""Clase 406""@es",1992812,"""Irán Castillo""@es"
3406936,"""Alborada (telenovela)""@es",1992812,"""Irán Castillo""@es"
49916746,"""Preciosa""@es",1992812,"""Irán Castillo""@es"
6038504,"""Heridas de amor""@es",1991999,"""Jacqueline Bracamontes""@es"
2178427,"""Rubí (telenovela de 2004)""@es",1991999,"""Jacqueline Bracamontes""@es"
25300989,"""Mar de amor""@es",1928290,"""Juan Ferrara""@es"
29667099,"""La antorcha encendida""@es",1928290,"""Juan Ferrara""@es"
49967773,"""Desencuentro""@es",1928290,"""Juan Ferrara""@es"
49936891,"""Infierno en el paraíso""@es",1928290,"""Juan Ferrara""@es"
45088562,"""Aprendiendo a vivir""@es",1991524,"""Julio Alemán""@es"
48884055,"""Infamia (telenovela)""@es",1991524,"""Julio Alemán""@es"
49896844,"""Alguna vez tendremos alas""@es",1850664,"""Katie Barberi""@es"
26731123,"""Mujeres engañadas""@es",2004538,"""Kuno Becker""@es"
45340860,"""Marionetas (telenovela)""@es",2091936,"""Mapita Cortés""@es"
26114336,"""Entre el amor y el odio""@es",1863889,"""Marga López""@es"
45185186,"""Lo blanco y lo negro""@es",1819808,"""Mariana Levy""@es"
49682934,"""Caminos cruzados""@es",1819808,"""Mariana Levy""@es"
49867985,"""Bendita mentira""@es",1819808,"""Mariana Levy""@es"
25300989,"""Mar de amor""@es",1990934,"""Ninel Conde""@es"
32341835,"""Tres mujeres (telenovela)""@es",1865671,"""Pedro Armendáriz Jr.""@es"
36538624,"""Amy, la niña de la mochila azul""@es",1865671,"""Pedro Armendáriz Jr.""@es"
49875076,"""La culpa (telenovela)""@es",1865671,"""Pedro Armendáriz Jr.""@es"
45163881,"""La casa al final de la calle""@es",1991784,"""Saby Kamalich""@es"
49783220,"""María José (telenovela de 1995)""@es",1991784,"""Saby Kamalich""@es"
50023378,"""No tengo madre""@es",1991784,"""Saby Kamalich""@es"
49763300,"""Retrato de familia (telenovela mexicana)""@es",1991784,"""Saby Kamalich""@es"
49915966,"""Sin ti (telenovela)""@es",1991784,"""Saby Kamalich""@es"
19012164,"""Un gancho al corazón""@es",1826859,"""Sebastián Rulli""@es"
2178427,"""Rubí (telenovela de 2004)""@es",1826859,"""Sebastián Rulli""@es"
2415826,"""Teresa (telenovela de 2010)""@es",1826859,"""Sebastián Rulli""@es"
45039324,"""Aprendiendo a amar""@es",1859066,"""Susana Dosamantes""@es"
48884055,"""Infamia (telenovela)""@es",1859066,"""Susana Dosamantes""@es"
48588521,"""Morir para vivir""@es",1859066,"""Susana Dosamantes""@es"
12060503,"""La otra (telenovela)""@es",1992576,"""Yadhira Carrillo""@es"
4515800,"""Barrera de amor""@es",1992576,"""Yadhira Carrillo""@es"
47149066,"""La fuerza del amor (telenovela)""@es",16336571,"""Karen Sentíes""@es"
45094706,"""Guadalupe (telenovela mexicana)""@es",32641576,"""July Furlong""@es"
32486569,"""Esperanza del corazón""@es",32647915,"""Marisol del Olmo""@es"
45205471,"""El ángel caído (telenovela)""@es",45095259,"""Lorenzo de Rodas""@es"
36538624,"""Amy, la niña de la mochila azul""@es",5166365,"""Alejandro Tommasi""@es"
3804927,"""Corazón salvaje (telenovela de 1993)""@es",4971535,"""Ariel López Padilla""@es"
49682934,"""Caminos cruzados""@es",4971535,"""Ariel López Padilla""@es"
32435362,"""La esposa virgen""@es",4756526,"""Arleth Terán""@es"
32686082,"""Miss XV""@es",4841686,"""Eleazar Gómez""@es"
47149066,"""La fuerza del amor (telenovela)""@es",4983336,"""Ernesto Gómez Cruz""@es"
26730771,"""Luz Clarita""@es",5108667,"""Frances Ondiviela""@es"
49641638,"""Entre la vida y la muerte (telenovela)""@es",5108667,"""Frances Ondiviela""@es"
50073142,"""Salud, dinero y amor""@es",5108667,"""Frances Ondiviela""@es"
6038504,"""Heridas de amor""@es",4886969,"""Guy Ecker""@es"
2046188,"""Mundo de juguete""@es",4678461,"""Irán Eory""@es"
49641638,"""Entre la vida y la muerte (telenovela)""@es",4678461,"""Irán Eory""@es"
32686082,"""Miss XV""@es",4938521,"""Jack Duarte""@es"
6449130,"""Amor en silencio""@es",5348566,"""Omar Fierro""@es"
45185186,"""Lo blanco y lo negro""@es",5348566,"""Omar Fierro""@es"
2659808,"""Mi pequeña Soledad""@es",5348566,"""Omar Fierro""@es"
37415601,"""Teresa (telenovela de 1989)""@es",4966922,"""Patricia Reyes Spíndola""@es"
48548443,"""Un camino hacia el destino""@es",4966922,"""Patricia Reyes Spíndola""@es"
49850993,"""Azul (telenovela)""@es",4966922,"""Patricia Reyes Spíndola""@es"
3406936,"""Alborada (telenovela)""@es",4869561,"""Valentino Lanús""@es"
36805363,"""El juego de la vida (telenovela mexicana)""@es",4869561,"""Valentino Lanús""@es"
30887944,"""Rencor apasionado""@es",25770676,"""Blanca Sánchez""@es"
45064721,"""Vivir enamorada""@es",25770676,"""Blanca Sánchez""@es"
45302771,"""Senda de gloria""@es",25770676,"""Blanca Sánchez""@es"
3381621,"""Quinceañera (telenovela)""@es",25770676,"""Blanca Sánchez""@es"
26731401,"""El derecho de nacer (telenovela de 2001)""@es",25438559,"""Diana Bracho""@es"
31267614,"""Rafaela (telenovela de 2011)""@es",25438559,"""Diana Bracho""@es"
2046282,"""Cuna de lobos""@es",25438559,"""Diana Bracho""@es"
6038504,"""Heridas de amor""@es",25438559,"""Diana Bracho""@es"
45222555,"""Esperándote""@es",25438559,"""Diana Bracho""@es"
49610651,"""Capricho (telenovela)""@es",25438559,"""Diana Bracho""@es"
49936891,"""Infierno en el paraíso""@es",25438559,"""Diana Bracho""@es"
49763300,"""Retrato de familia (telenovela mexicana)""@es",25438559,"""Diana Bracho""@es"
45094706,"""Guadalupe (telenovela mexicana)""@es",25597353,"""Elsa Cárdenas""@es"
22921474,"""Camaleones (telenovela)""@es",26046237,"""Guillermo García Cantú""@es"
45275418,"""El engaño (telenovela mexicana)""@es",26046237,"""Guillermo García Cantú""@es"
45513470,"""Dos vidas (telenovela mexicana)""@es",26046237,"""Guillermo García Cantú""@es"
33720317,"""Amor bravío""@es",25219119,"""Leticia Calderón""@es"
45163881,"""La casa al final de la calle""@es",25219119,"""Leticia Calderón""@es"
45483445,"""Tal como somos (telenovela)""@es",25219119,"""Leticia Calderón""@es"
29667099,"""La antorcha encendida""@es",25219119,"""Leticia Calderón""@es"
49641638,"""Entre la vida y la muerte (telenovela)""@es",25219119,"""Leticia Calderón""@es"
27482326,"""Cuando me enamoro (telenovela)""@es",25790317,"""Rocío Banquells""@es"
45052335,"""Juegos del destino""@es",25790317,"""Rocío Banquells""@es"
12710386,"""Mi destino eres tú""@es",25801881,"""Susana Zabaleta""@es"
49931824,"""Una luz en el camino""@es",25801881,"""Susana Zabaleta""@es"
45088562,"""Aprendiendo a vivir""@es",25450414,"""Tina Romero""@es"
45420835,"""Monte Calvario (telenovela)""@es",25569589,"""Úrsula Prats""@es"
4368436,"""Senda prohibida""@es",47517301,"""Bárbara Gil""@es"
26731401,"""El derecho de nacer (telenovela de 2001)""@es",47476437,"""Carlos Bracho""@es"
5685147,"""La fea más bella""@es",47476437,"""Carlos Bracho""@es"
48588521,"""Morir para vivir""@es",47476437,"""Carlos Bracho""@es"
49858181,"""La sombra del otro""@es",47476437,"""Carlos Bracho""@es"
61733608,"""Vencer el miedo""@es",47667283,"""Danilo Carrera""@es"
2046282,"""Cuna de lobos""@es",47135421,"""Gonzalo Vega""@es"
45052335,"""Juegos del destino""@es",47539590,"""Guillermo Murray""@es"
30604219,"""Imperio de cristal""@es",47782283,"""María Rubio""@es"
2046282,"""Cuna de lobos""@es",47782283,"""María Rubio""@es"
3137645,"""Rina (telenovela)""@es",47782283,"""María Rubio""@es"
49965579,"""Amor gitano (telenovela mexicana)""@es",47782283,"""María Rubio""@es"
48884055,"""Infamia (telenovela)""@es",47161676,"""Norma Lazareno""@es"
5547088,"""Sentimientos ajenos""@es",46922333,"""Olivia Bucio""@es"
49867985,"""Bendita mentira""@es",47350012,"""Sergio Catalán Duque""@es"
12385024,"""Camila (telenovela)""@es",87915,"""Adamari López""@es"
27851364,"""Alma de hierro""@es",87915,"""Adamari López""@es"
2963811,"""Amigas y rivales""@es",87915,"""Adamari López""@es"
49915966,"""Sin ti (telenovela)""@es",87915,"""Adamari López""@es"
2963811,"""Amigas y rivales""@es",102916,"""Johnny Lozada""@es"
37444146,"""Te sigo amando""@es",73695,"""Katy Jurado""@es"
2899885,"""Alcanzar una estrella II""@es",84065,"""Ricky Martin""@es"
33091456,"""Pueblo chico, infierno grande (telenovela)""@es",88779,"""Verónica Castro""@es"
2315806,"""Rosa salvaje""@es",88779,"""Verónica Castro""@es"
2659808,"""Mi pequeña Soledad""@es",88779,"""Verónica Castro""@es"
37415601,"""Teresa (telenovela de 1989)""@es",27717,"""Salma Hayek""@es"
26417455,"""Niña de mi corazón""@es",1384668,"""Arturo Peniche""@es"
6449130,"""Amor en silencio""@es",1384668,"""Arturo Peniche""@es"
45542224,"""El alma no tiene color""@es",1384668,"""Arturo Peniche""@es"
45420835,"""Monte Calvario (telenovela)""@es",1384668,"""Arturo Peniche""@es"
29378583,"""Vivo por Elena""@es",1384668,"""Arturo Peniche""@es"
3406936,"""Alborada (telenovela)""@es",1384668,"""Arturo Peniche""@es"
37310395,"""Siempre te amaré (telenovela)""@es",1384668,"""Arturo Peniche""@es"
49783220,"""María José (telenovela de 1995)""@es",1384668,"""Arturo Peniche""@es"
31896749,"""Dos hogares""@es",1426293,"""Carlos Ponce""@es"
5547088,"""Sentimientos ajenos""@es",1426293,"""Carlos Ponce""@es"
5685147,"""La fea más bella""@es",1424770,"""José José""@es"
25971688,"""Juro que te amo""@es",1559596,"""Patricia Navidad""@es"
5685147,"""La fea más bella""@es",1559596,"""Patricia Navidad""@es"
19012164,"""Un gancho al corazón""@es",5974072,"""Danna García""@es"
50076902,"""El secreto de Alejandra""@es",6000604,"""David Ostrosky""@es"
32915739,"""Amorcito corazón (telenovela)""@es",6101781,"""Elizabeth Álvarez""@es"
5685147,"""La fea más bella""@es",6101781,"""Elizabeth Álvarez""@es"
19012164,"""Un gancho al corazón""@es",5817051,"""Eugenia Cauduro""@es"
48548443,"""Un camino hacia el destino""@es",5817051,"""Eugenia Cauduro""@es"
49896844,"""Alguna vez tendremos alas""@es",5817051,"""Eugenia Cauduro""@es"
1703591,"""La usurpadora (telenovela mexicana)""@es",6017362,"""Gabriela Spanic""@es"
35230321,"""Cachito de cielo""@es",5580279,"""Pedro Fernández (cantante)""@es"
45483445,"""Tal como somos (telenovela)""@es",5580279,"""Pedro Fernández (cantante)""@es"
2899885,"""Alcanzar una estrella II""@es",5580279,"""Pedro Fernández (cantante)""@es"
49610204,"""Buscando el paraíso""@es",5580279,"""Pedro Fernández (cantante)""@es"
26114336,"""Entre el amor y el odio""@es",5469869,"""Susana González (actriz)""@es"
26731123,"""Mujeres engañadas""@es",5469869,"""Susana González (actriz)""@es"
26045599,"""Velo de novia""@es",5469869,"""Susana González (actriz)""@es"
2963811,"""Amigas y rivales""@es",5469869,"""Susana González (actriz)""@es"
24905245,"""Alma rebelde""@es",6805192,"""Ana Martín""@es"
6806013,"""El pecado de Oyuki (telenovela)""@es",6805192,"""Ana Martín""@es"
19012164,"""Un gancho al corazón""@es",6805192,"""Ana Martín""@es"
45094787,"""La pasión de Isabela""@es",6805192,"""Ana Martín""@es"
2178427,"""Rubí (telenovela de 2004)""@es",6805192,"""Ana Martín""@es"
47570086,"""Mentir para vivir""@es",6404557,"""David Zepeda""@es"
6829107,"""La venganza (telenovela de 1977)""@es",6829356,"""Helena Rojo""@es"
3854854,"""Amor real""@es",6829356,"""Helena Rojo""@es"
50034729,"""Gente bien""@es",6829356,"""Helena Rojo""@es"
49763300,"""Retrato de familia (telenovela mexicana)""@es",6829356,"""Helena Rojo""@es"
5523348,"""Código postal (telenovela)""@es",6375897,"""Jery Sandoval""@es"
12710386,"""Mi destino eres tú""@es",6328352,"""Jorge Salinas""@es"
27989284,"""Atrévete a olvidarme""@es",6328352,"""Jorge Salinas""@es"
32435362,"""La esposa virgen""@es",6328352,"""Jorge Salinas""@es"
32341835,"""Tres mujeres (telenovela)""@es",6328352,"""Jorge Salinas""@es"
49829307,"""Mi querida Isabel""@es",6328352,"""Jorge Salinas""@es"
3006486,"""Nada personal (telenovela)""@es",6223965,"""José Ángel Llamas""@es"
32341835,"""Tres mujeres (telenovela)""@es",6704050,"""Karyme Lozano""@es"
49855224,"""Canción de amor (telenovela)""@es",6806480,"""Nuria Bages""@es"
49829307,"""Mi querida Isabel""@es",6806480,"""Nuria Bages""@es"
49763300,"""Retrato de familia (telenovela mexicana)""@es",18821023,"""Alicia Montoya""@es"
6829107,"""La venganza (telenovela de 1977)""@es",18801841,"""Beatriz Sheridan""@es"
32486569,"""Esperanza del corazón""@es",18708454,"""Bianca Marroquín""@es"
45185435,"""El cristal empañado""@es",18818537,"""Dina de Marco""@es"
45513470,"""Dos vidas (telenovela mexicana)""@es",18787779,"""Fernando Balzaretti""@es"
49610204,"""Buscando el paraíso""@es",18787779,"""Fernando Balzaretti""@es"
6806013,"""El pecado de Oyuki (telenovela)""@es",18818234,"""Jorge Martínez de Hoyos""@es"
31896749,"""Dos hogares""@es",19253733,"""Jorge Ortiz de Pinedo""@es"
5547088,"""Sentimientos ajenos""@es",18798693,"""Yolanda Andrade (actriz)""@es"
49610204,"""Buscando el paraíso""@es",18798693,"""Yolanda Andrade (actriz)""@es"
49763300,"""Retrato de familia (telenovela mexicana)""@es",18798693,"""Yolanda Andrade (actriz)""@es"
46273961,"""Caminos de Guanajuato""@es",22605220,"""Alejandra Lazcano""@es"
32486569,"""Esperanza del corazón""@es",44327373,"""Agustín Arana""@es"
36538624,"""Amy, la niña de la mochila azul""@es",45257054,"""Alejandra Procuna""@es"
32486569,"""Esperanza del corazón""@es",44414066,"""Alejandra Ávalos""@es"
45483445,"""Tal como somos (telenovela)""@es",44414066,"""Alejandra Ávalos""@es"
37310395,"""Siempre te amaré (telenovela)""@es",44414066,"""Alejandra Ávalos""@es"
49853610,"""Morir dos veces""@es",44414066,"""Alejandra Ávalos""@es"
32486569,"""Esperanza del corazón""@es",44225876,"""Alejandro Speitzer""@es"
49595649,"""Mágica juventud""@es",44210475,"""Amairani""@es"
49850993,"""Azul (telenovela)""@es",44277694,"""Armando Araiza""@es"
28679156,"""Carita de ángel""@es",44182630,"""Daniela Aedo""@es"
45052335,"""Juegos del destino""@es",45268625,"""Enrique Novi""@es"
31141007,"""Por un beso""@es",44881822,"""Enrique Rocha""@es"
2046188,"""Mundo de juguete""@es",44881822,"""Enrique Rocha""@es"
45205471,"""El ángel caído (telenovela)""@es",44881822,"""Enrique Rocha""@es"
48548443,"""Un camino hacia el destino""@es",45076189,"""Horacio Pancheri""@es"
32486569,"""Esperanza del corazón""@es",44924446,"""Juan Carlos Barreto""@es"
2963811,"""Amigas y rivales""@es",44137426,"""Rafael Inclán""@es"
31267614,"""Rafaela (telenovela de 2011)""@es",44217888,"""Rogelio Guerra""@es"
3006486,"""Nada personal (telenovela)""@es",44217888,"""Rogelio Guerra""@es"
49783220,"""María José (telenovela de 1995)""@es",44217888,"""Rogelio Guerra""@es"
45036233,"""Al rojo vivo (telenovela)""@es",44586692,"""Sylvia Pasquel""@es"
44734260,"""Ha llegado una intrusa""@es",44586692,"""Sylvia Pasquel""@es"
49854542,"""Para toda la vida""@es",44586692,"""Sylvia Pasquel""@es"
49641638,"""Entre la vida y la muerte (telenovela)""@es",46843776,"""Beatriz Aguirre""@es"
61733608,"""Vencer el miedo""@es",45547170,"""Jade Fraser""@es"
3006486,"""Nada personal (telenovela)""@es",46584519,"""Joaquín Garrido""@es"
6806013,"""El pecado de Oyuki (telenovela)""@es",46731510,"""Martha Roth""@es"
31008675,"""Ni contigo ni sin ti""@es",46636576,"""Ricardo Franco (actor)""@es"
2659808,"""Mi pequeña Soledad""@es",46477064,"""Roberto Ballesteros""@es"
49829307,"""Mi querida Isabel""@es",46477064,"""Roberto Ballesteros""@es"
49916746,"""Preciosa""@es",46477064,"""Roberto Ballesteros""@es"
44734260,"""Ha llegado una intrusa""@es",54720064,"""Virginia Gutiérrez""@es"
32435362,"""La esposa virgen""@es",2409374,"""Adela Noriega""@es"
3854854,"""Amor real""@es",2409374,"""Adela Noriega""@es"
3381621,"""Quinceañera (telenovela)""@es",2409374,"""Adela Noriega""@es"
31896749,"""Dos hogares""@es",2577485,"""Anahí Puente""@es"
30887944,"""Rencor apasionado""@es",2534866,"""Aracely Arámbula""@es"
24905245,"""Alma rebelde""@es",2534866,"""Aracely Arámbula""@es"
3006486,"""Nada personal (telenovela)""@es",2379650,"""Demián Bichir""@es"
22921474,"""Camaleones (telenovela)""@es",2330928,"""Edith González""@es"
45420835,"""Monte Calvario (telenovela)""@es",2330928,"""Edith González""@es"
3804927,"""Corazón salvaje (telenovela de 1993)""@es",2330928,"""Edith González""@es"
50015159,"""La jaula de oro (telenovela)""@es",2330928,"""Edith González""@es"
49858181,"""La sombra del otro""@es",2330928,"""Edith González""@es"
51106337,"""Pablo y Andrea""@es",2357491,"""Guillermo Capetillo""@es"
2315806,"""Rosa salvaje""@es",2357491,"""Guillermo Capetillo""@es"
49931824,"""Una luz en el camino""@es",2357491,"""Guillermo Capetillo""@es"
1703591,"""La usurpadora (telenovela mexicana)""@es",2552029,"""Libertad Lamarque""@es"
28679156,"""Carita de ángel""@es",2552029,"""Libertad Lamarque""@es"
26731123,"""Mujeres engañadas""@es",2578465,"""Michelle Vieth""@es"
2963811,"""Amigas y rivales""@es",2578465,"""Michelle Vieth""@es"
6806013,"""El pecado de Oyuki (telenovela)""@es",2218420,"""Rafael Sánchez-Navarro""@es"
45275418,"""El engaño (telenovela mexicana)""@es",2218420,"""Rafael Sánchez-Navarro""@es"
37180945,"""Bodas de odio""@es",2218420,"""Rafael Sánchez-Navarro""@es"
26417455,"""Niña de mi corazón""@es",770559,"""Lorena Herrera""@es"
36538624,"""Amy, la niña de la mochila azul""@es",770559,"""Lorena Herrera""@es"
36538624,"""Amy, la niña de la mochila azul""@es",14237712,"""Alejandra Meyer""@es"
32486569,"""Esperanza del corazón""@es",906740,"""Fernando Allende""@es"
45033491,"""Amor de nadie""@es",906740,"""Fernando Allende""@es"
7891048,"""El diario de Daniela""@es",990446,"""Gaspar Henaine""@es"
26417455,"""Niña de mi corazón""@es",836918,"""Maribel Guardia""@es"
45465510,"""Seducción (telenovela)""@es",836918,"""Maribel Guardia""@es"
4453807,"""Aventuras en el tiempo""@es",836918,"""Maribel Guardia""@es"
49885058,"""Tú y yo (telenovela)""@es",836918,"""Maribel Guardia""@es"
50034729,"""Gente bien""@es",916630,"""Patricia Manterola""@es"
27989284,"""Atrévete a olvidarme""@es",4134197,"""Adriana Fonseca""@es"
3370569,"""Amigos por siempre (telenovela)""@es",4134197,"""Adriana Fonseca""@es"
48742376,"""Bajo las riendas del amor""@es",4134197,"""Adriana Fonseca""@es"
2046282,"""Cuna de lobos""@es",3887774,"""Carmen Montejo""@es"
3370569,"""Amigos por siempre (telenovela)""@es",3887774,"""Carmen Montejo""@es"
49595649,"""Mágica juventud""@es",3887774,"""Carmen Montejo""@es"
2392988,"""Clase 406""@es",4133761,"""Christian Chávez""@es"
4453807,"""Aventuras en el tiempo""@es",3937348,"""Christopher Uckermann""@es"
33720317,"""Amor bravío""@es",4092617,"""Cristián de la Fuente""@es"
50023378,"""No tengo madre""@es",4399338,"""Eugenio Derbez""@es"
32915739,"""Amorcito corazón (telenovela)""@es",4049196,"""Fabiola Campomanes""@es"
7905446,"""María la del barrio (telenovela)""@es",4291951,"""Fernando Colunga""@es"
1703591,"""La usurpadora (telenovela mexicana)""@es",4291951,"""Fernando Colunga""@es"
3406936,"""Alborada (telenovela)""@es",4291951,"""Fernando Colunga""@es"
3854854,"""Amor real""@es",4291951,"""Fernando Colunga""@es"
33709206,"""Un refugio para el amor""@es",4157870,"""Gabriel Soto""@es"
48742376,"""Bajo las riendas del amor""@es",4157870,"""Gabriel Soto""@es"
7891048,"""El diario de Daniela""@es",3910851,"""Marcelo Buquet""@es"
6063374,"""¡Vivan los niños!""@es",3977763,"""Miguel de León""@es"
28679156,"""Carita de ángel""@es",3977763,"""Miguel de León""@es"
49965579,"""Amor gitano (telenovela mexicana)""@es",4011589,"""Nailea Norvind""@es"
49916746,"""Preciosa""@es",4011589,"""Nailea Norvind""@es"
26114336,"""Entre el amor y el odio""@es",4363107,"""Sabine Moussier""@es"
26731123,"""Mujeres engañadas""@es",4363107,"""Sabine Moussier""@es"
3297493,"""Piel de otoño""@es",4363107,"""Sabine Moussier""@es"
2046188,"""Mundo de juguete""@es",3947992,"""Sara García""@es"
2392988,"""Clase 406""@es",4537913,"""Sara Maldonado""@es"
36805363,"""El juego de la vida (telenovela mexicana)""@es",4537913,"""Sara Maldonado""@es"
2392988,"""Clase 406""@es",4454030,"""Sherlyn González""@es"
28116313,"""Simplemente María (telenovela de 1989)""@es",3894552,"""Silvia Derbez""@es"
4368436,"""Senda prohibida""@es",3894552,"""Silvia Derbez""@es"
33709206,"""Un refugio para el amor""@es",4340430,"""Zaide Silvia Gutiérrez""@es"
49931824,"""Una luz en el camino""@es",4340430,"""Zaide Silvia Gutiérrez""@es"
3006486,"""Nada personal (telenovela)""@es",3067901,"""Ana Colchero""@es"
3804927,"""Corazón salvaje (telenovela de 1993)""@es",3067901,"""Ana Colchero""@es"
36805363,"""El juego de la vida (telenovela mexicana)""@es",3109493,"""Ana Layevska""@es"
45163881,"""La casa al final de la calle""@es",3007578,"""Angélica Aragón""@es"
3007248,"""Mirada de mujer""@es",3007578,"""Angélica Aragón""@es"
5685147,"""La fea más bella""@es",3001477,"""Angélica María""@es"
3145533,"""Rosalinda (telenovela)""@es",3001477,"""Angélica María""@es"
49867985,"""Bendita mentira""@es",3001477,"""Angélica María""@es"
2392988,"""Clase 406""@es",3086726,"""Dulce María""@es"
32341835,"""Tres mujeres (telenovela)""@es",3187032,"""Erika Buenfil""@es"
25300989,"""Mar de amor""@es",3187032,"""Erika Buenfil""@es"
47235222,"""La gata (telenovela de 2014)""@es",3187032,"""Erika Buenfil""@es"
6449130,"""Amor en silencio""@es",3187032,"""Erika Buenfil""@es"
45275418,"""El engaño (telenovela mexicana)""@es",3187032,"""Erika Buenfil""@es"
3007248,"""Mirada de mujer""@es",3128788,"""Fernando Luján""@es"
5523348,"""Código postal (telenovela)""@es",3028186,"""Imanol Landeta""@es"
2963811,"""Amigas y rivales""@es",2664296,"""Joana Benedek""@es"
19012164,"""Un gancho al corazón""@es",3198019,"""Laisha Wilkins""@es"
35230321,"""Cachito de cielo""@es",3143244,"""Maite Perroni""@es"
47235222,"""La gata (telenovela de 2014)""@es",3143244,"""Maite Perroni""@es"
25300989,"""Mar de amor""@es",2871187,"""Mario Cimarro""@es"
5547088,"""Sentimientos ajenos""@es",2871187,"""Mario Cimarro""@es"
50034729,"""Gente bien""@es",2871187,"""Mario Cimarro""@es"
31141007,"""Por un beso""@es",3172002,"""Mercedes Moltó""@es"
51106337,"""Pablo y Andrea""@es",3172002,"""Mercedes Moltó""@es"
3137645,"""Rina (telenovela)""@es",3177865,"""Ofelia Medina""@es"
49854542,"""Para toda la vida""@es",3177865,"""Ofelia Medina""@es"
45302771,"""Senda de gloria""@es",3119186,"""Roberto Vander""@es"
49682934,"""Caminos cruzados""@es",3119186,"""Roberto Vander""@es"
49915966,"""Sin ti (telenovela)""@es",3119186,"""Roberto Vander""@es"
7891048,"""El diario de Daniela""@es",3187033,"""Yolanda Ventura""@es"
49782505,"""La paloma (telenovela)""@es",3187033,"""Yolanda Ventura""@es"
12702405,"""Yo amo a Juan Querendón""@es",3326791,"""Alexis Ayala""@es"
27989284,"""Atrévete a olvidarme""@es",3326791,"""Alexis Ayala""@es"
32341835,"""Tres mujeres (telenovela)""@es",3326791,"""Alexis Ayala""@es"
25971688,"""Juro que te amo""@es",3326791,"""Alexis Ayala""@es"
4515800,"""Barrera de amor""@es",3326791,"""Alexis Ayala""@es"
32111200,"""El equipo""@es",3222044,"""Alfonso Herrera (actor)""@es"
22921474,"""Camaleones (telenovela)""@es",3222044,"""Alfonso Herrera (actor)""@es"
2392988,"""Clase 406""@es",3222044,"""Alfonso Herrera (actor)""@es"
5685147,"""La fea más bella""@es",3716340,"""Angélica Vale""@es"
2963811,"""Amigas y rivales""@es",3716340,"""Angélica Vale""@es"
30604219,"""Imperio de cristal""@es",3222123,"""Ari Telch""@es"
47149066,"""La fuerza del amor (telenovela)""@es",3222123,"""Ari Telch""@es"
45513470,"""Dos vidas (telenovela mexicana)""@es",3222123,"""Ari Telch""@es"
29667099,"""La antorcha encendida""@es",3222123,"""Ari Telch""@es"
3007248,"""Mirada de mujer""@es",3222123,"""Ari Telch""@es"
45681822,"""Encadenados (telenovela)""@es",3308696,"""Christian Bach""@es"
37180945,"""Bodas de odio""@es",3308696,"""Christian Bach""@es"
49736680,"""Bajo un mismo rostro""@es",3308696,"""Christian Bach""@es"
30311456,"""La dueña (telenovela de 1995)""@es",3297356,"""Cynthia Klitbo""@es"
26045599,"""Velo de novia""@es",3297356,"""Cynthia Klitbo""@es"
2415826,"""Teresa (telenovela de 2010)""@es",3297356,"""Cynthia Klitbo""@es"
49896844,"""Alguna vez tendremos alas""@es",3297356,"""Cynthia Klitbo""@es"
30311456,"""La dueña (telenovela de 1995)""@es",3567969,"""Francisco Gattorno""@es"
49916746,"""Preciosa""@es",3567969,"""Francisco Gattorno""@es"
49885058,"""Tú y yo (telenovela)""@es",3567969,"""Francisco Gattorno""@es"
45252134,"""Cicatrices del alma""@es",3550926,"""Gregorio Casal""@es"
45681822,"""Encadenados (telenovela)""@es",3214866,"""Humberto Zurita""@es"
29667099,"""La antorcha encendida""@es",3214866,"""Humberto Zurita""@es"
49610651,"""Capricho (telenovela)""@es",3214866,"""Humberto Zurita""@es"
49896844,"""Alguna vez tendremos alas""@es",3214866,"""Humberto Zurita""@es"
49595649,"""Mágica juventud""@es",3213536,"""Héctor Soberón""@es"
12710386,"""Mi destino eres tú""@es",3510380,"""Jaime Camil""@es"
5685147,"""La fea más bella""@es",3510380,"""Jaime Camil""@es"
12060503,"""La otra (telenovela)""@es",3215403,"""Juan Soler""@es"
27482326,"""Cuando me enamoro (telenovela)""@es",3215403,"""Juan Soler""@es"
5685147,"""La fea más bella""@es",3215403,"""Juan Soler""@es"
33709206,"""Un refugio para el amor""@es",3223380,"""Laura Flores""@es"
45239625,"""Ave fénix (telenovela)""@es",3223380,"""Laura Flores""@es"
45542224,"""El alma no tiene color""@es",3223380,"""Laura Flores""@es"
3297493,"""Piel de otoño""@es",3223380,"""Laura Flores""@es"
37310395,"""Siempre te amaré (telenovela)""@es",3223380,"""Laura Flores""@es"
12710386,"""Mi destino eres tú""@es",3634892,"""Lucero (cantante)""@es"
3406936,"""Alborada (telenovela)""@es",3634892,"""Lucero (cantante)""@es"
45039324,"""Aprendiendo a amar""@es",3503832,"""Lupita D'Alessio""@es"
45185186,"""Lo blanco y lo negro""@es",3503832,"""Lupita D'Alessio""@es"
45185435,"""El cristal empañado""@es",3362939,"""Manuel Landeta""@es"
48548443,"""Un camino hacia el destino""@es",3362939,"""Manuel Landeta""@es"
49853610,"""Morir dos veces""@es",3362939,"""Manuel Landeta""@es"
47235222,"""La gata (telenovela de 2014)""@es",3214463,"""Manuel Ojeda""@es"
49782505,"""La paloma (telenovela)""@es",3214463,"""Manuel Ojeda""@es"
49875076,"""La culpa (telenovela)""@es",3214463,"""Manuel Ojeda""@es"
27989284,"""Atrévete a olvidarme""@es",3595438,"""Mariana Seoane""@es"
25300989,"""Mar de amor""@es",3595438,"""Mariana Seoane""@es"
49965579,"""Amor gitano (telenovela mexicana)""@es",3595438,"""Mariana Seoane""@es"
3007086,"""Azul tequila""@es",3308948,"""Mauricio Ochmann""@es"
12710386,"""Mi destino eres tú""@es",3777275,"""Natalia Streignard""@es"
32486569,"""Esperanza del corazón""@es",3613152,"""Patricio Borghetti""@es"
37415601,"""Teresa (telenovela de 1989)""@es",3765229,"""Rafael Rojas (actor)""@es"
49858181,"""La sombra del otro""@es",3765229,"""Rafael Rojas (actor)""@es"
45420835,"""Monte Calvario (telenovela)""@es",3381000,"""René Muñoz""@es"
27982218,"""Sueños y caramelos""@es",3342964,"""René Strickler""@es"
33720317,"""Amor bravío""@es",3342964,"""René Strickler""@es"
3297493,"""Piel de otoño""@es",3342964,"""René Strickler""@es"
48548443,"""Un camino hacia el destino""@es",3342964,"""René Strickler""@es"
49915966,"""Sin ti (telenovela)""@es",3342964,"""René Strickler""@es"
2899885,"""Alcanzar una estrella II""@es",3494319,"""Sasha Sokol""@es"
26144851,"""Zacatillo, un lugar en tu corazón""@es",3226315,"""Ingrid Martz""@es"
51106337,"""Pablo y Andrea""@es",3226315,"""Ingrid Martz""@es"
31141007,"""Por un beso""@es",3213864,"""Otto Sirgo""@es"
24905245,"""Alma rebelde""@es",3213864,"""Otto Sirgo""@es"
19012164,"""Un gancho al corazón""@es",3213864,"""Otto Sirgo""@es"
45052335,"""Juegos del destino""@es",3213864,"""Otto Sirgo""@es"
48588521,"""Morir para vivir""@es",3213864,"""Otto Sirgo""@es"
45163881,"""La casa al final de la calle""@es",36974205,"""José Alonso (actor)""@es"
45420835,"""Monte Calvario (telenovela)""@es",36974205,"""José Alonso (actor)""@es"
45483445,"""Tal como somos (telenovela)""@es",36974205,"""José Alonso (actor)""@es"
2899885,"""Alcanzar una estrella II""@es",36974205,"""José Alonso (actor)""@es"
45039324,"""Aprendiendo a amar""@es",37083408,"""Susana Alexander""@es"
49853610,"""Morir dos veces""@es",37083408,"""Susana Alexander""@es"
50023378,"""No tengo madre""@es",37083408,"""Susana Alexander""@es"
45205235,"""Las grandes aguas""@es",3576665,"""Noé Murayama""@es"
2046282,"""Cuna de lobos""@es",49554125,"""Carlos Cámara""@es"
2046188,"""Mundo de juguete""@es",55961006,"""Irma Lozano""@es"
37180945,"""Bodas de odio""@es",55743327,"""Rosario Gálvez""@es"
49736680,"""Bajo un mismo rostro""@es",55743327,"""Rosario Gálvez""@es"
28116313,"""Simplemente María (telenovela de 1989)""@es",57440073,"""Jaime Garza""@es"
45681822,"""Encadenados (telenovela)""@es",58762428,"""Macaria (actriz)""@es"
12385024,"""Camila (telenovela)""@es",62352567,"""Gabriela Goldsmith""@es"
28116313,"""Simplemente María (telenovela de 1989)""@es",62352567,"""Gabriela Goldsmith""@es"
45036233,"""Al rojo vivo (telenovela)""@es",47162623,"""Frank Moro""@es"
37180945,"""Bodas de odio""@es",31922536,"""Julieta Egurrola""@es"
34162327,"""Amor cautivo""@es",10449583,"""Arap Bethke""@es"
45252134,"""Cicatrices del alma""@es",10124104,"""Germán Robles""@es"
3370569,"""Amigos por siempre (telenovela)""@es",10124104,"""Germán Robles""@es"
45542224,"""El alma no tiene color""@es",10501392,"""Lorena Rojas""@es"
49610204,"""Buscando el paraíso""@es",10501392,"""Lorena Rojas""@es"
49736680,"""Bajo un mismo rostro""@es",10501392,"""Lorena Rojas""@es"
49855224,"""Canción de amor (telenovela)""@es",10501392,"""Lorena Rojas""@es"
49885058,"""Tú y yo (telenovela)""@es",10452934,"""Olga Breeskin""@es"
45681822,"""Encadenados (telenovela)""@es",10317576,"""Raquel Olmedo""@es"
4515800,"""Barrera de amor""@es",10317576,"""Raquel Olmedo""@es"
3297493,"""Piel de otoño""@es",10317576,"""Raquel Olmedo""@es"
45185186,"""Lo blanco y lo negro""@es",10441762,"""Sebastián Ligarde""@es"
29378583,"""Vivo por Elena""@es",10441762,"""Sebastián Ligarde""@es"
49641638,"""Entre la vida y la muerte (telenovela)""@es",10441762,"""Sebastián Ligarde""@es"
47570086,"""Mentir para vivir""@es",17007913,"""Altaír Jarabo""@es"
5523348,"""Código postal (telenovela)""@es",17007913,"""Altaír Jarabo""@es"
12702405,"""Yo amo a Juan Querendón""@es",16252112,"""Mayrín Villanueva""@es"
47570086,"""Mentir para vivir""@es",16252112,"""Mayrín Villanueva""@es"
32686082,"""Miss XV""@es",16405225,"""Natasha Dupeyrón""@es"
26730771,"""Luz Clarita""@es",20086647,"""Aitor Iturrioz""@es"
25971688,"""Juro que te amo""@es",19724668,"""Alejandro Ávila""@es"
37415601,"""Teresa (telenovela de 1989)""@es",19489129,"""Daniel Giménez Cacho""@es"
27851364,"""Alma de hierro""@es",19446532,"""Jorge Poza""@es"
31267614,"""Rafaela (telenovela de 2011)""@es",19446532,"""Jorge Poza""@es"
2392988,"""Clase 406""@es",19446532,"""Jorge Poza""@es"
7562624,"""Carrusel (telenovela)""@es",21181679,"""Armando Calvo""@es"
51106337,"""Pablo y Andrea""@es",21357362,"""Danna Paola""@es"
36538624,"""Amy, la niña de la mochila azul""@es",21357362,"""Danna Paola""@es"
47130158,"""Cenizas y diamantes (telenovela)""@es",21185435,"""Ernesto Laguardia""@es"
29667099,"""La antorcha encendida""@es",21185435,"""Ernesto Laguardia""@es"
3406936,"""Alborada (telenovela)""@es",21185435,"""Ernesto Laguardia""@es"
3370569,"""Amigos por siempre (telenovela)""@es",21185435,"""Ernesto Laguardia""@es"
49967773,"""Desencuentro""@es",21185435,"""Ernesto Laguardia""@es"
49829307,"""Mi querida Isabel""@es",21185435,"""Ernesto Laguardia""@es"
48548443,"""Un camino hacia el destino""@es",21146417,"""Gustavo Rojo""@es"
52476419,"""Enamorándome de Ramón""@es",21341406,"""José Ron""@es"
25971688,"""Juro que te amo""@es",21341406,"""José Ron""@es"
5523348,"""Código postal (telenovela)""@es",21341406,"""José Ron""@es"
49936891,"""Infierno en el paraíso""@es",21133077,"""Julio Bracho""@es"
31896749,"""Dos hogares""@es",37583744,"""Alfredo Adame""@es"
47149066,"""La fuerza del amor (telenovela)""@es",37583744,"""Alfredo Adame""@es"
49736680,"""Bajo un mismo rostro""@es",37583744,"""Alfredo Adame""@es"
49763300,"""Retrato de familia (telenovela mexicana)""@es",37583744,"""Alfredo Adame""@es"
5523348,"""Código postal (telenovela)""@es",38240969,"""África Zavala""@es"
61733608,"""Vencer el miedo""@es",50287956,"""Emmanuel Palomares""@es"
12702405,"""Yo amo a Juan Querendón""@es",8406720,"""Eduardo Santamarina""@es"
30311456,"""La dueña (telenovela de 1995)""@es",8406720,"""Eduardo Santamarina""@es"
31008675,"""Ni contigo ni sin ti""@es",8406720,"""Eduardo Santamarina""@es"
30887944,"""Rencor apasionado""@es",8406720,"""Eduardo Santamarina""@es"
26045599,"""Velo de novia""@es",8406720,"""Eduardo Santamarina""@es"
2178427,"""Rubí (telenovela de 2004)""@es",8406720,"""Eduardo Santamarina""@es"
50073142,"""Salud, dinero y amor""@es",8406720,"""Eduardo Santamarina""@es"
26731123,"""Mujeres engañadas""@es",8277762,"""Eric del Castillo""@es"
2963811,"""Amigas y rivales""@es",8277762,"""Eric del Castillo""@es"
46273961,"""Caminos de Guanajuato""@es",8910947,"""Iliana Fox""@es"
49967773,"""Desencuentro""@es",15478153,"""Daniela Castro""@es"
2046188,"""Mundo de juguete""@es",18256460,"""Evita Muñoz «Chachita»""@es"
3406936,"""Alborada (telenovela)""@es",17744328,"""Luis Roberto Guzmán""@es"
27982218,"""Sueños y caramelos""@es",17925306,"""Nora Salinas""@es"
5685147,"""La fea más bella""@es",17925306,"""Nora Salinas""@es"
28679156,"""Carita de ángel""@es",17925306,"""Nora Salinas""@es"
36538624,"""Amy, la niña de la mochila azul""@es",17925306,"""Nora Salinas""@es"
26730771,"""Luz Clarita""@es",17417485,"""Ximena Sariñana""@es"
44757128,"""Lo que el cielo no perdona""@es",22098582,"""Enrique Álvarez Félix""@es"
45483445,"""Tal como somos (telenovela)""@es",22098582,"""Enrique Álvarez Félix""@es"
37984175,"""El retrato de Dorian Gray (telenovela)""@es",22098582,"""Enrique Álvarez Félix""@es"
3137645,"""Rina (telenovela)""@es",22098582,"""Enrique Álvarez Félix""@es"
2899885,"""Alcanzar una estrella II""@es",22031011,"""Erik Rubín""@es"
26730771,"""Luz Clarita""@es",22057821,"""Verónica Merchant""@es"
49931824,"""Una luz en el camino""@es",22057821,"""Verónica Merchant""@es"
26114336,"""Entre el amor y el odio""@es",24133565,"""Alberto Estrella""@es"
27851364,"""Alma de hierro""@es",24133565,"""Alberto Estrella""@es"
32111200,"""El equipo""@es",24133565,"""Alberto Estrella""@es"
61733608,"""Vencer el miedo""@es",24133565,"""Alberto Estrella""@es"
49896844,"""Alguna vez tendremos alas""@es",24133565,"""Alberto Estrella""@es"
29378583,"""Vivo por Elena""@es",24348163,"""Ana Patricia Rojo""@es"
48548443,"""Un camino hacia el destino""@es",24348163,"""Ana Patricia Rojo""@es"
49867985,"""Bendita mentira""@es",24348163,"""Ana Patricia Rojo""@es"
49783220,"""María José (telenovela de 1995)""@es",24348163,"""Ana Patricia Rojo""@es"
61733608,"""Vencer el miedo""@es",24679343,"""Arcelia Ramírez""@es"
52476419,"""Enamorándome de Ramón""@es",23733398,"""Esmeralda Pimentel""@es"
32486569,"""Esperanza del corazón""@es",23734496,"""Mane de la Parra""@es"
45513470,"""Dos vidas (telenovela mexicana)""@es",24077717,"""Mariana Garza""@es"
3939570,"""Alcanzar una estrella""@es",24077717,"""Mariana Garza""@es"
44628932,"""Vida robada (telenovela de 1961)""@es",10565337,"""Claudio Brook""@es"
37415601,"""Teresa (telenovela de 1989)""@es",10565337,"""Claudio Brook""@es"
45302771,"""Senda de gloria""@es",10561504,"""Eduardo Yáñez (actor)""@es"
4453807,"""Aventuras en el tiempo""@es",10610623,"""Odiseo Bichir""@es"
3370569,"""Amigos por siempre (telenovela)""@es",10610623,"""Odiseo Bichir""@es"
5685147,"""La fea más bella""@es",10848785,"""Sergio Mayer""@es"
27989284,"""Atrévete a olvidarme""@es",13889028,"""Ignacio López Tarso""@es"
30604219,"""Imperio de cristal""@es",13889028,"""Ignacio López Tarso""@es"
6063374,"""¡Vivan los niños!""@es",13889028,"""Ignacio López Tarso""@es"
45302771,"""Senda de gloria""@es",13889028,"""Ignacio López Tarso""@es"
24905245,"""Alma rebelde""@es",13398394,"""Lisette Morelos""@es"
28679156,"""Carita de ángel""@es",13398394,"""Lisette Morelos""@es"
48548443,"""Un camino hacia el destino""@es",13398394,"""Lisette Morelos""@es"
50076902,"""El secreto de Alejandra""@es",13398394,"""Lisette Morelos""@es"
2046188,"""Mundo de juguete""@es",13374932,"""Ricardo Blume""@es"
6063374,"""¡Vivan los niños!""@es",36052916,"""Andrea Legarreta""@es"
34162327,"""Amor cautivo""@es",36087188,"""Andrés Palacios""@es"
7562624,"""Carrusel (telenovela)""@es",35711036,"""Gabriela Rivero""@es"
49915966,"""Sin ti (telenovela)""@es",35711036,"""Gabriela Rivero""@es"
32686082,"""Miss XV""@es",35886899,"""Macarena Achaga""@es"
45239625,"""Ave fénix (telenovela)""@es",35614902,"""Rafael Baledón""@es"
49853610,"""Morir dos veces""@es",23571990,"""Carina Ricco""@es"
3939570,"""Alcanzar una estrella""@es",46731329,"""Rita Macedo""@es"
27482326,"""Cuando me enamoro (telenovela)""@es",14380338,"""Julieta Rosen""@es"
45681822,"""Encadenados (telenovela)""@es",14380338,"""Julieta Rosen""@es"
45302771,"""Senda de gloria""@es",14380338,"""Julieta Rosen""@es"
29667099,"""La antorcha encendida""@es",14380338,"""Julieta Rosen""@es"
49936891,"""Infierno en el paraíso""@es",14380338,"""Julieta Rosen""@es"
31141007,"""Por un beso""@es",14909073,"""Víctor Noriega""@es"
30887944,"""Rencor apasionado""@es",14909073,"""Víctor Noriega""@es"
12060503,"""La otra (telenovela)""@es",3410049,"""Ofelia Guilmáin""@es"
45465510,"""Seducción (telenovela)""@es",3382910,"""Sergio Klainer""@es"
50073142,"""Salud, dinero y amor""@es",3382910,"""Sergio Klainer""@es"
49610204,"""Buscando el paraíso""@es",42718219,"""Alejandro Ibarra""@es"
48548443,"""Un camino hacia el destino""@es",42681532,"""Brandon Peniche""@es"
47235222,"""La gata (telenovela de 2014)""@es",42267586,"""Daniel Arenas""@es"
45185435,"""El cristal empañado""@es",42467474,"""Leticia Perdigón""@es"
45064721,"""Vivir enamorada""@es",42467474,"""Leticia Perdigón""@es"
7891048,"""El diario de Daniela""@es",42415236,"""Mónika Sánchez""@es"
31141007,"""Por un beso""@es",42628792,"""Natalia Esperón""@es"
30887944,"""Rencor apasionado""@es",42628792,"""Natalia Esperón""@es"
32435362,"""La esposa virgen""@es",42628792,"""Natalia Esperón""@es"
50023378,"""No tengo madre""@es",42628792,"""Natalia Esperón""@es"
49682934,"""Caminos cruzados""@es",42889284,"""Rosa María Bianchi""@es"
47130158,"""Cenizas y diamantes (telenovela)""@es",42682723,"""Silvia Mariscal""@es"
49610204,"""Buscando el paraíso""@es",42583689,"""Tiaré Scanda""@es"
49875076,"""La culpa (telenovela)""@es",42583689,"""Tiaré Scanda""@es"
3137645,"""Rina (telenovela)""@es",43018548,"""Alicia Rodríguez (actriz mexicana)""@es"
45036233,"""Al rojo vivo (telenovela)""@es",43099308,"""Carlos Ancira""@es"
3137645,"""Rina (telenovela)""@es",43099308,"""Carlos Ancira""@es"
32486569,"""Esperanza del corazón""@es",43909180,"""Carmen Aub""@es"
26045599,"""Velo de novia""@es",43937724,"""Carmen Salinas""@es"
37444146,"""Te sigo amando""@es",43627513,"""Claudia Ramírez""@es"
48588521,"""Morir para vivir""@es",43627513,"""Claudia Ramírez""@es"
49783220,"""María José (telenovela de 1995)""@es",43627513,"""Claudia Ramírez""@es"
45252134,"""Cicatrices del alma""@es",43913625,"""Delia Casanova""@es"
49875076,"""La culpa (telenovela)""@es",43913625,"""Delia Casanova""@es"
46273961,"""Caminos de Guanajuato""@es",44002779,"""Erik Hayser""@es"
49858181,"""La sombra del otro""@es",43177508,"""Lilia Aragón""@es"
45185435,"""El cristal empañado""@es",43915345,"""Magda Guzmán""@es"
37180945,"""Bodas de odio""@es",43915345,"""Magda Guzmán""@es"
49736680,"""Bajo un mismo rostro""@es",43915345,"""Magda Guzmán""@es"
26730771,"""Luz Clarita""@es",43386227,"""Paty Díaz""@es"
30604219,"""Imperio de cristal""@es",43921020,"""Rebecca Jones""@es"
2046282,"""Cuna de lobos""@es",43921020,"""Rebecca Jones""@es"
45205471,"""El ángel caído (telenovela)""@es",43921020,"""Rebecca Jones""@es"
45513470,"""Dos vidas (telenovela mexicana)""@es",43921020,"""Rebecca Jones""@es"
45302771,"""Senda de gloria""@es",28272617,"""Anabel Ferreira""@es"
12385024,"""Camila (telenovela)""@es",39832081,"""Enrique Lizalde""@es"
6038504,"""Heridas de amor""@es",39832081,"""Enrique Lizalde""@es"
6829107,"""La venganza (telenovela de 1977)""@es",39832081,"""Enrique Lizalde""@es"
3939570,"""Alcanzar una estrella""@es",39832081,"""Enrique Lizalde""@es"
3804927,"""Corazón salvaje (telenovela de 1993)""@es",39832081,"""Enrique Lizalde""@es"
45445346,"""Pobre juventud""@es",40669237,"""Gabriela Roel""@es"
45036233,"""Al rojo vivo (telenovela)""@es",41560566,"""Alma Muriel""@es"
45205235,"""Las grandes aguas""@es",41560566,"""Alma Muriel""@es"
45064721,"""Vivir enamorada""@es",41560566,"""Alma Muriel""@es"
49850993,"""Azul (telenovela)""@es",41560566,"""Alma Muriel""@es"
49967773,"""Desencuentro""@es",41560566,"""Alma Muriel""@es"
49875076,"""La culpa (telenovela)""@es",41560566,"""Alma Muriel""@es"
49610204,"""Buscando el paraíso""@es",41098624,"""Karla Álvarez""@es"
49829307,"""Mi querida Isabel""@es",41098624,"""Karla Álvarez""@es"
12060503,"""La otra (telenovela)""@es",41195194,"""Sergio Sendel""@es"
32435362,"""La esposa virgen""@es",41195194,"""Sergio Sendel""@es"
6038504,"""Heridas de amor""@es",41195194,"""Sergio Sendel""@es"
49595649,"""Mágica juventud""@es",41195194,"""Sergio Sendel""@es"
45088562,"""Aprendiendo a vivir""@es",41720414,"""Sonia Furió""@es"
45064721,"""Vivir enamorada""@es",41720414,"""Sonia Furió""@es"
45094706,"""Guadalupe (telenovela mexicana)""@es",5168560,"""Oscar Morelli""@es"
34162327,"""Amor cautivo""@es",63001375,"""Patricia Bernal""@es"
2659808,"""Mi pequeña Soledad""@es",8723952,"""Antonio De Carlo""@es"
45275418,"""El engaño (telenovela mexicana)""@es",8750755,"""Sergio Jiménez""@es"
45681822,"""Encadenados (telenovela)""@es",8750755,"""Sergio Jiménez""@es"
43400871,"""Cuidado con el ángel (telenovela de 1959)""@es",11906311,"""Amparo Rivelles""@es"
43397075,"""El otro (telenovela)""@es",11906311,"""Amparo Rivelles""@es"
43397042,"""Pensión de mujeres (telenovela)""@es",11906311,"""Amparo Rivelles""@es"
21028302,"""Ángela (telenovela)""@es",11998042,"""Angélica Rivera""@es"
22181826,"""Huracán (telenovela)""@es",11998042,"""Angélica Rivera""@es"
43399274,"""Más allá de la muerte (telenovela)""@es",12664412,"""Ernesto Alonso""@es"
43395793,"""Cartas de amor (telenovela)""@es",12664412,"""Ernesto Alonso""@es"
38639826,"""Libre para amarte""@es",11981369,"""Jacqueline Andere""@es"
43397748,"""Vida por vida (telenovela mexicana)""@es",11981369,"""Jacqueline Andere""@es"
43396576,"""Mi amor frente al pasado""@es",12351536,"""Joaquín Cordero""@es"
24496037,"""Corazón salvaje (telenovela de 2009)""@es",12161420,"""Osvaldo Ríos""@es"
10721038,"""Amar sin límites""@es",27180573,"""José Carlos Ruiz""@es"
56142961,"""Por amar sin ley""@es",26690818,"""Julián Gil""@es"
43006265,"""Hasta el fin del mundo""@es",26690818,"""Julián Gil""@es"
10715189,"""Duelo de pasiones""@es",26316927,"""Sergio Goyri""@es"
43226690,"""Vida robada (telenovela de 1991)""@es",26316927,"""Sergio Goyri""@es"
41263337,"""Siempre tuya Acapulco""@es",28115414,"""Alberto Guerra""@es"
35493409,"""Abismo de pasión""@es",28123767,"""Blanca Guerra""@es"
43399274,"""Más allá de la muerte (telenovela)""@es",28094532,"""Julissa""@es"
22209354,"""Atrévete a soñar""@es",28094532,"""Julissa""@es"
43457473,"""El peñón del amaranto""@es",27592091,"""Rossana San Juan""@es"
56142961,"""Por amar sin ley""@es",31187363,"""Ana Brenda Contreras""@es"
21103702,"""Sortilegio (telenovela)""@es",31187363,"""Ana Brenda Contreras""@es"
43611558,"""La gata (telenovela de 1970)""@es",31195666,"""Emma Roldán""@es"
41575222,"""Lo que la vida me robó""@es",31339310,"""Margarita Magaña""@es"
35638553,"""Los Rey""@es",30546786,"""Rossana Nájera""@es"
19472742,"""Marisol (telenovela)""@es",35322374,"""Emma Laura""@es"
43399206,"""De turno con la angustia""@es",36786772,"""Lucy Gallardo""@es"
10034681,"""El privilegio de amar""@es",288167,"""César Évora""@es"
22027867,"""Si Dios me quita la vida""@es",288167,"""César Évora""@es"
10714912,"""Mundo de fieras (telenovela de 2006)""@es",288167,"""César Évora""@es"
43006265,"""Hasta el fin del mundo""@es",288167,"""César Évora""@es"
14110744,"""María Isabel (telenovela de 1997)""@es",233413,"""Fernando Carrillo (actor)""@es"
38639826,"""Libre para amarte""@es",159493,"""Gloria Trevi""@es"
20352419,"""Bajo la misma piel""@es",177056,"""Kate del Castillo""@es"
8279082,"""La mentira (telenovela de 1998)""@es",177056,"""Kate del Castillo""@es"
10034681,"""El privilegio de amar""@es",351479,"""Andrés García""@es"
43400782,"""Cadenas de amor""@es",440526,"""Angelines Fernández""@es"
43396420,"""El hombre de oro""@es",440526,"""Angelines Fernández""@es"
22181826,"""Huracán (telenovela)""@es",361973,"""Eduardo Palomo""@es"
22197894,"""La pícara soñadora""@es",361973,"""Eduardo Palomo""@es"
43392142,"""Milagro y magia""@es",433623,"""Florinda Meza""@es"
17825020,"""Cuidado con el ángel""@es",477840,"""Laura Zapata""@es"
10952913,"""Esmeralda (telenovela mexicana)""@es",477840,"""Laura Zapata""@es"
10715189,"""Duelo de pasiones""@es",408697,"""Ludwika Paleta""@es"
15190345,"""Palabra de mujer (telenovela)""@es",408697,"""Ludwika Paleta""@es"
10952913,"""Esmeralda (telenovela mexicana)""@es",431302,"""Salvador Pineda""@es"
9688010,"""María Mercedes (telenovela)""@es",363163,"""Thalía""@es"
43303232,"""Pobre señorita Limantour""@es",363163,"""Thalía""@es"
21103702,"""Sortilegio (telenovela)""@es",7354003,"""Chantal Andere""@es"
18309817,"""El noveno mandamiento""@es",7354003,"""Chantal Andere""@es"
21103702,"""Sortilegio (telenovela)""@es",8016517,"""Daniela Romo""@es"
22027867,"""Si Dios me quita la vida""@es",8016517,"""Daniela Romo""@es"
43397704,"""Un rostro en el pasado""@es",7485563,"""Gloria Marín""@es"
24496037,"""Corazón salvaje (telenovela de 2009)""@es",7487937,"""María Rojo""@es"
43006265,"""Hasta el fin del mundo""@es",7487937,"""María Rojo""@es"
18498743,"""Mañana es para siempre""@es",7346154,"""Silvia Navarro""@es"
42903486,"""Mi corazón es tuyo""@es",7346154,"""Silvia Navarro""@es"
41263337,"""Siempre tuya Acapulco""@es",31979158,"""Aura Cristina Geithner""@es"
41263337,"""Siempre tuya Acapulco""@es",31921925,"""Bernie Paz""@es"
43006265,"""Hasta el fin del mundo""@es",32268726,"""Diego Olivera""@es"
43457473,"""El peñón del amaranto""@es",32523940,"""Lisardo""@es"
35493409,"""Abismo de pasión""@es",32235608,"""Livia Brito""@es"
38611337,"""Te presento a Valentín""@es",32646734,"""Marcelo Córdoba""@es"
43006265,"""Hasta el fin del mundo""@es",31560001,"""Marjorie de Sousa""@es"
10721038,"""Amar sin límites""@es",32083607,"""María Sorté""@es"
39831757,"""Mi segunda madre""@es",32083607,"""María Sorté""@es"
43395793,"""Cartas de amor (telenovela)""@es",31922056,"""Sergio Bustamante""@es"
43396327,"""Espejo de sombras""@es",31922056,"""Sergio Bustamante""@es"
43611558,"""La gata (telenovela de 1970)""@es",31922056,"""Sergio Bustamante""@es"
43751589,"""Los miserables (telenovela de 1973)""@es",31922056,"""Sergio Bustamante""@es"
43434856,"""Atrapada (telenovela)""@es",32792246,"""Héctor Bonilla""@es"
43396480,"""María Guadalupe""@es",33209053,"""Luz María Aguilar""@es"
43396420,"""El hombre de oro""@es",33308385,"""Rafael Banquells""@es"
43395896,"""La casita del odio""@es",33308385,"""Rafael Banquells""@es"
43397727,"""Secretaria o mujer""@es",33308385,"""Rafael Banquells""@es"
20352419,"""Bajo la misma piel""@es",35209680,"""Alejandro Camacho""@es"
35493409,"""Abismo de pasión""@es",35209680,"""Alejandro Camacho""@es"
43223141,"""Yo no creo en los hombres (telenovela de 2014)""@es",35209680,"""Alejandro Camacho""@es"
19472742,"""Marisol (telenovela)""@es",35383771,"""Claudia Islas""@es"
43006265,"""Hasta el fin del mundo""@es",34309067,"""Claudia Álvarez""@es"
43397042,"""Pensión de mujeres (telenovela)""@es",34245143,"""Fanny Schiller""@es"
43223141,"""Yo no creo en los hombres (telenovela de 2014)""@es",34949740,"""Flavio Medina""@es"
50664014,"""Vino el amor""@es",34030741,"""Kimberly Dos Ramos""@es"
50664014,"""Vino el amor""@es",34683464,"""Laura Carmine""@es"
35493409,"""Abismo de pasión""@es",34685646,"""Mark Tacher""@es"
35493409,"""Abismo de pasión""@es",34823197,"""Salvador Zerboni""@es"
39831757,"""Mi segunda madre""@es",12795632,"""Fernando Ciangherotti""@es"
24496037,"""Corazón salvaje (telenovela de 2009)""@es",26045918,"""René Casados""@es"
10714912,"""Mundo de fieras (telenovela de 2006)""@es",26045918,"""René Casados""@es"
41391510,"""El color de la pasión""@es",665102,"""Erick Elías""@es"
21068023,"""Amada enemiga""@es",1303663,"""Dominika Paleta""@es"
35493409,"""Abismo de pasión""@es",1991791,"""Angelique Boyer""@es"
41575222,"""Lo que la vida me robó""@es",1991791,"""Angelique Boyer""@es"
38611337,"""Te presento a Valentín""@es",2006063,"""Arath de la Torre""@es"
38104346,"""Locura de amor (telenovela)""@es",1992812,"""Irán Castillo""@es"
21103702,"""Sortilegio (telenovela)""@es",1991999,"""Jacqueline Bracamontes""@es"
43611558,"""La gata (telenovela de 1970)""@es",1928290,"""Juan Ferrara""@es"
10715560,"""La verdad oculta""@es",1991524,"""Julio Alemán""@es"
43397075,"""El otro (telenovela)""@es",1991524,"""Julio Alemán""@es"
22325348,"""Alondra (telenovela)""@es",1863889,"""Marga López""@es"
22197894,"""La pícara soñadora""@es",1819808,"""Mariana Levy""@es"
10714912,"""Mundo de fieras (telenovela de 2006)""@es",1826859,"""Sebastián Rulli""@es"
41575222,"""Lo que la vida me robó""@es",1826859,"""Sebastián Rulli""@es"
21068023,"""Amada enemiga""@es",1859066,"""Susana Dosamantes""@es"
15190345,"""Palabra de mujer (telenovela)""@es",1992576,"""Yadhira Carrillo""@es"
43611558,"""La gata (telenovela de 1970)""@es",34244707,"""Antonio Raxel""@es"
43223141,"""Yo no creo en los hombres (telenovela de 2014)""@es",5107622,"""Adriana Louvier""@es"
20352419,"""Bajo la misma piel""@es",5166365,"""Alejandro Tommasi""@es"
43484248,"""De pocas, pocas pulgas""@es",4756526,"""Arleth Terán""@es"
22209354,"""Atrévete a soñar""@es",4841686,"""Eleazar Gómez""@es"
10714912,"""Mundo de fieras (telenovela de 2006)""@es",5108224,"""Gaby Espino""@es"
41575222,"""Lo que la vida me robó""@es",5149245,"""Grettell Valdez""@es"
9606396,"""Salomé (telenovela)""@es",4886969,"""Guy Ecker""@es"
8279082,"""La mentira (telenovela de 1998)""@es",4886969,"""Guy Ecker""@es"
22197894,"""La pícara soñadora""@es",4678461,"""Irán Eory""@es"
35638553,"""Los Rey""@es",5091964,"""Leonardo García (actor)""@es"
22027867,"""Si Dios me quita la vida""@es",5348566,"""Omar Fierro""@es"
14110744,"""María Isabel (telenovela de 1997)""@es",4966922,"""Patricia Reyes Spíndola""@es"
10721038,"""Amar sin límites""@es",4869561,"""Valentino Lanús""@es"
21068023,"""Amada enemiga""@es",26046396,"""Cecilia Gabriela""@es"
20352419,"""Bajo la misma piel""@es",25438559,"""Diana Bracho""@es"
43751589,"""Los miserables (telenovela de 1973)""@es",25438559,"""Diana Bracho""@es"
56142961,"""Por amar sin ley""@es",26046237,"""Guillermo García Cantú""@es"
43434856,"""Atrapada (telenovela)""@es",26046237,"""Guillermo García Cantú""@es"
10952913,"""Esmeralda (telenovela mexicana)""@es",25219119,"""Leticia Calderón""@es"
43396309,"""Dos caras tiene el destino""@es",25473789,"""Maricruz Olivier""@es"
17825020,"""Cuidado con el ángel""@es",25790317,"""Rocío Banquells""@es"
50664014,"""Vino el amor""@es",24869732,"""Verónica Jaspeado""@es"
41575222,"""Lo que la vida me robó""@es",24869732,"""Verónica Jaspeado""@es"
43303232,"""Pobre señorita Limantour""@es",25569589,"""Úrsula Prats""@es"
43399274,"""Más allá de la muerte (telenovela)""@es",47476437,"""Carlos Bracho""@es"
43392142,"""Milagro y magia""@es",47476437,"""Carlos Bracho""@es"
22325348,"""Alondra (telenovela)""@es",47135421,"""Gonzalo Vega""@es"
21068023,"""Amada enemiga""@es",47539590,"""Guillermo Murray""@es"
43396480,"""María Guadalupe""@es",47539590,"""Guillermo Murray""@es"
43611558,"""La gata (telenovela de 1970)""@es",46871792,"""María Rivas (actriz)""@es"
9606396,"""Salomé (telenovela)""@es",47782283,"""María Rubio""@es"
41263337,"""Siempre tuya Acapulco""@es",47425717,"""Melissa Barrera""@es"
43611558,"""La gata (telenovela de 1970)""@es",47161676,"""Norma Lazareno""@es"
43395599,"""Amar fue su pecado""@es",47518742,"""Ramón Gay""@es"
10096749,"""Los ricos también lloran""@es",88779,"""Verónica Castro""@es"
9688010,"""María Mercedes (telenovela)""@es",1384668,"""Arturo Peniche""@es"
43397042,"""Pensión de mujeres (telenovela)""@es",1659117,"""Fernando Rey""@es"
21028302,"""Ángela (telenovela)""@es",1559596,"""Patricia Navidad""@es"
10715560,"""La verdad oculta""@es",5688638,"""Alejandra Barros""@es"
19472742,"""Marisol (telenovela)""@es",6000604,"""David Ostrosky""@es"
41391510,"""El color de la pasión""@es",5817051,"""Eugenia Cauduro""@es"
56142961,"""Por amar sin ley""@es",5632141,"""Geraldine Bazán""@es"
38611337,"""Te presento a Valentín""@es",6015496,"""Marisol González (periodista mexicana)""@es"
43006265,"""Hasta el fin del mundo""@es",5580279,"""Pedro Fernández (cantante)""@es"
56142961,"""Por amar sin ley""@es",6404557,"""David Zepeda""@es"
21103702,"""Sortilegio (telenovela)""@es",6404557,"""David Zepeda""@es"
35493409,"""Abismo de pasión""@es",6404557,"""David Zepeda""@es"
43006265,"""Hasta el fin del mundo""@es",6404557,"""David Zepeda""@es"
10034681,"""El privilegio de amar""@es",6829356,"""Helena Rojo""@es"
17825020,"""Cuidado con el ángel""@es",6829356,"""Helena Rojo""@es"
24496037,"""Corazón salvaje (telenovela de 2009)""@es",6829356,"""Helena Rojo""@es"
10714912,"""Mundo de fieras (telenovela de 2006)""@es",6829356,"""Helena Rojo""@es"
41391510,"""El color de la pasión""@es",6829356,"""Helena Rojo""@es"
42903486,"""Mi corazón es tuyo""@es",6328352,"""Jorge Salinas""@es"
10721038,"""Amar sin límites""@es",6704050,"""Karyme Lozano""@es"
43396309,"""Dos caras tiene el destino""@es",18821023,"""Alicia Montoya""@es"
22325348,"""Alondra (telenovela)""@es",18801841,"""Beatriz Sheridan""@es"
43397704,"""Un rostro en el pasado""@es",19204958,"""Eduardo Fajardo""@es"
24496037,"""Corazón salvaje (telenovela de 2009)""@es",22825406,"""Elizabeth Gutiérrez""@es"
41575222,"""Lo que la vida me robó""@es",23644008,"""Ferdinando Valencia""@es"
22209354,"""Atrévete a soñar""@es",23075043,"""Violeta Isfel""@es"
38104346,"""Locura de amor (telenovela)""@es",44371354,"""Adriana Nieto""@es"
41575222,"""Lo que la vida me robó""@es",44817318,"""Alejandra García (actriz)""@es"
41575222,"""Lo que la vida me robó""@es",45257054,"""Alejandra Procuna""@es"
18309817,"""El noveno mandamiento""@es",44277694,"""Armando Araiza""@es"
39831757,"""Mi segunda madre""@es",45268625,"""Enrique Novi""@es"
10034681,"""El privilegio de amar""@es",44881822,"""Enrique Rocha""@es"
24496037,"""Corazón salvaje (telenovela de 2009)""@es",44881822,"""Enrique Rocha""@es"
56142961,"""Por amar sin ley""@es",44393533,"""Ilithya Manzanilla""@es"
41575222,"""Lo que la vida me robó""@es",44393533,"""Ilithya Manzanilla""@es"
41575222,"""Lo que la vida me robó""@es",44924446,"""Juan Carlos Barreto""@es"
15190345,"""Palabra de mujer (telenovela)""@es",44449107,"""Lidia Ávila""@es"
59041324,"""La reina soy yo""@es",44094217,"""Polo Morín""@es"
22197894,"""La pícara soñadora""@es",44137426,"""Rafael Inclán""@es"
10096749,"""Los ricos también lloran""@es",44217888,"""Rogelio Guerra""@es"
41575222,"""Lo que la vida me robó""@es",44217888,"""Rogelio Guerra""@es"
41391510,"""El color de la pasión""@es",44266039,"""Ximena Romo""@es"
43396576,"""Mi amor frente al pasado""@es",46680468,"""Anita Blanch""@es"
43395599,"""Amar fue su pecado""@es",46843776,"""Beatriz Aguirre""@es"
50664014,"""Vino el amor""@es",45597773,"""José Eduardo Derbez""@es"
59041324,"""La reina soy yo""@es",45453481,"""Lambda García""@es"
50664014,"""Vino el amor""@es",46300493,"""Luciano Zacharski""@es"
43399206,"""De turno con la angustia""@es",46731510,"""Martha Roth""@es"
56142961,"""Por amar sin ley""@es",46477064,"""Roberto Ballesteros""@es"
43303232,"""Pobre señorita Limantour""@es",46477064,"""Roberto Ballesteros""@es"
10034681,"""El privilegio de amar""@es",2409374,"""Adela Noriega""@es"
14110744,"""María Isabel (telenovela de 1997)""@es",2409374,"""Adela Noriega""@es"
24496037,"""Corazón salvaje (telenovela de 2009)""@es",2534866,"""Aracely Arámbula""@es"
9606396,"""Salomé (telenovela)""@es",2330928,"""Edith González""@es"
10714912,"""Mundo de fieras (telenovela de 2006)""@es",2330928,"""Edith González""@es"
15190345,"""Palabra de mujer (telenovela)""@es",2330928,"""Edith González""@es"
43434856,"""Atrapada (telenovela)""@es",2357491,"""Guillermo Capetillo""@es"
9426720,"""La hija del jardinero""@es",2460015,"""Mariana Ochoa""@es"
17825020,"""Cuidado con el ángel""@es",2578465,"""Michelle Vieth""@es"
10714912,"""Mundo de fieras (telenovela de 2006)""@es",2578465,"""Michelle Vieth""@es"
43392142,"""Milagro y magia""@es",2218420,"""Rafael Sánchez-Navarro""@es"
41263337,"""Siempre tuya Acapulco""@es",2218420,"""Rafael Sánchez-Navarro""@es"
14110744,"""María Isabel (telenovela de 1997)""@es",770559,"""Lorena Herrera""@es"
43395960,"""Claudia (telenovela)""@es",68101020,"""María Teresa Rivas""@es"
10715189,"""Duelo de pasiones""@es",1016510,"""Pablo Montero""@es"
43395090,"""El diario de una señorita decente""@es",3887774,"""Carmen Montejo""@es"
43397687,"""El rapto (telenovela)""@es",3887774,"""Carmen Montejo""@es"
43395896,"""La casita del odio""@es",3887774,"""Carmen Montejo""@es"
24496037,"""Corazón salvaje (telenovela de 2009)""@es",4092617,"""Cristián de la Fuente""@es"
10715189,"""Duelo de pasiones""@es",4049196,"""Fabiola Campomanes""@es"
18498743,"""Mañana es para siempre""@es",4291951,"""Fernando Colunga""@es"
22325348,"""Alondra (telenovela)""@es",4291951,"""Fernando Colunga""@es"
10952913,"""Esmeralda (telenovela mexicana)""@es",4291951,"""Fernando Colunga""@es"
17343940,"""Querida enemiga""@es",4157870,"""Gabriel Soto""@es"
21103702,"""Sortilegio (telenovela)""@es",4157870,"""Gabriel Soto""@es"
38639826,"""Libre para amarte""@es",4157870,"""Gabriel Soto""@es"
50664014,"""Vino el amor""@es",4157870,"""Gabriel Soto""@es"
10715560,"""La verdad oculta""@es",4157870,"""Gabriel Soto""@es"
43223141,"""Yo no creo en los hombres (telenovela de 2014)""@es",4157870,"""Gabriel Soto""@es"
56142961,"""Por amar sin ley""@es",4017227,"""José María Torre""@es"
17825020,"""Cuidado con el ángel""@es",4011589,"""Nailea Norvind""@es"
35493409,"""Abismo de pasión""@es",4363107,"""Sabine Moussier""@es"
43397704,"""Un rostro en el pasado""@es",3947992,"""Sara García""@es"
10714912,"""Mundo de fieras (telenovela de 2006)""@es",4537913,"""Sara Maldonado""@es"
43396576,"""Mi amor frente al pasado""@es",3894552,"""Silvia Derbez""@es"
10016207,"""Muchachitas como tú""@es",28934117,"""Ariadne Díaz""@es"
41391510,"""El color de la pasión""@es",28934117,"""Ariadne Díaz""@es"
22325348,"""Alondra (telenovela)""@es",3067901,"""Ana Colchero""@es"
17343940,"""Querida enemiga""@es",3109493,"""Ana Layevska""@es"
19937752,"""Mirada de mujer, el regreso""@es",3007578,"""Angélica Aragón""@es"
43395793,"""Cartas de amor (telenovela)""@es",3001477,"""Angélica María""@es"
19472742,"""Marisol (telenovela)""@es",3187032,"""Erika Buenfil""@es"
50617183,"""Así son ellas""@es",3187032,"""Erika Buenfil""@es"
10715189,"""Duelo de pasiones""@es",3187032,"""Erika Buenfil""@es"
43226690,"""Vida robada (telenovela de 1991)""@es",3187032,"""Erika Buenfil""@es"
35638553,"""Los Rey""@es",3128788,"""Fernando Luján""@es"
43226690,"""Vida robada (telenovela de 1991)""@es",3128788,"""Fernando Luján""@es"
43484248,"""De pocas, pocas pulgas""@es",2664296,"""Joana Benedek""@es"
38104346,"""Locura de amor (telenovela)""@es",3198019,"""Laisha Wilkins""@es"
24496037,"""Corazón salvaje (telenovela de 2009)""@es",3198019,"""Laisha Wilkins""@es"
17825020,"""Cuidado con el ángel""@es",3143244,"""Maite Perroni""@es"
22181826,"""Huracán (telenovela)""@es",3109663,"""Maya Mishalska""@es"
35638553,"""Los Rey""@es",3177865,"""Ofelia Medina""@es"
22181826,"""Huracán (telenovela)""@es",3326791,"""Alexis Ayala""@es"
35493409,"""Abismo de pasión""@es",3326791,"""Alexis Ayala""@es"
41575222,"""Lo que la vida me robó""@es",3326791,"""Alexis Ayala""@es"
19937752,"""Mirada de mujer, el regreso""@es",3222123,"""Ari Telch""@es"
56142961,"""Por amar sin ley""@es",3392797,"""Azela Robinson""@es"
50664014,"""Vino el amor""@es",3392797,"""Azela Robinson""@es"
10714912,"""Mundo de fieras (telenovela de 2006)""@es",3392797,"""Azela Robinson""@es"
43434856,"""Atrapada (telenovela)""@es",3308696,"""Christian Bach""@es"
50664014,"""Vino el amor""@es",3297356,"""Cynthia Klitbo""@es"
22209354,"""Atrévete a soñar""@es",3297356,"""Cynthia Klitbo""@es"
43226690,"""Vida robada (telenovela de 1991)""@es",3297356,"""Cynthia Klitbo""@es"
18309817,"""El noveno mandamiento""@es",3567969,"""Francisco Gattorno""@es"
35493409,"""Abismo de pasión""@es",3567969,"""Francisco Gattorno""@es"
43399206,"""De turno con la angustia""@es",3550926,"""Gregorio Casal""@es"
41263337,"""Siempre tuya Acapulco""@es",3213536,"""Héctor Soberón""@es"
20352419,"""Bajo la misma piel""@es",3215403,"""Juan Soler""@es"
21028302,"""Ángela (telenovela)""@es",3215403,"""Juan Soler""@es"
38104346,"""Locura de amor (telenovela)""@es",3215403,"""Juan Soler""@es"
15190345,"""Palabra de mujer (telenovela)""@es",3215403,"""Juan Soler""@es"
22197894,"""La pícara soñadora""@es",3223380,"""Laura Flores""@es"
24496037,"""Corazón salvaje (telenovela de 2009)""@es",3223380,"""Laura Flores""@es"
10714912,"""Mundo de fieras (telenovela de 2006)""@es",3223380,"""Laura Flores""@es"
39831757,"""Mi segunda madre""@es",3849632,"""Liliana Abud""@es"
18498743,"""Mañana es para siempre""@es",3634892,"""Lucero (cantante)""@es"
43006265,"""Hasta el fin del mundo""@es",3595438,"""Mariana Seoane""@es"
22027867,"""Si Dios me quita la vida""@es",3765229,"""Rafael Rojas (actor)""@es"
10034681,"""El privilegio de amar""@es",3342964,"""René Strickler""@es"
17825020,"""Cuidado con el ángel""@es",3342964,"""René Strickler""@es"
22209354,"""Atrévete a soñar""@es",3342964,"""René Strickler""@es"
10721038,"""Amar sin límites""@es",3342964,"""René Strickler""@es"
43484248,"""De pocas, pocas pulgas""@es",3342964,"""René Strickler""@es"
41391510,"""El color de la pasión""@es",3342964,"""René Strickler""@es"
22209354,"""Atrévete a soñar""@es",3768976,"""Vanessa Guzmán""@es"
10721038,"""Amar sin límites""@es",3213864,"""Otto Sirgo""@es"
9426720,"""La hija del jardinero""@es",57689372,"""Carlos Torres (actor)""@es"
56142961,"""Por amar sin ley""@es",57676538,"""Pablo Valentín""@es"
50617183,"""Así son ellas""@es",60054862,"""Luz María Jerez""@es"
50617183,"""Así son ellas""@es",62352567,"""Gabriela Goldsmith""@es"
21028302,"""Ángela (telenovela)""@es",62345196,"""José Elías Moreno (hijo)""@es"
43434856,"""Atrapada (telenovela)""@es",47162623,"""Frank Moro""@es"
43395090,"""El diario de una señorita decente""@es",52266131,"""Eva Calvo (actriz)""@es"
10715560,"""La verdad oculta""@es",9934702,"""Galilea Montijo""@es"
35638553,"""Los Rey""@es",10251250,"""Michel Brown""@es"
9606396,"""Salomé (telenovela)""@es",10441762,"""Sebastián Ligarde""@es"
56142961,"""Por amar sin ley""@es",17007913,"""Altaír Jarabo""@es"
35493409,"""Abismo de pasión""@es",17007913,"""Altaír Jarabo""@es"
42903486,"""Mi corazón es tuyo""@es",16252112,"""Mayrín Villanueva""@es"
43484248,"""De pocas, pocas pulgas""@es",16405225,"""Natasha Dupeyrón""@es"
21103702,"""Sortilegio (telenovela)""@es",16837917,"""William Levy""@es"
17825020,"""Cuidado con el ángel""@es",16837917,"""William Levy""@es"
50664014,"""Vino el amor""@es",19724668,"""Alejandro Ávila""@es"
43484248,"""De pocas, pocas pulgas""@es",19724668,"""Alejandro Ávila""@es"
41575222,"""Lo que la vida me robó""@es",19724668,"""Alejandro Ávila""@es"
38639826,"""Libre para amarte""@es",19393483,"""Luz Elena González""@es"
43395960,"""Claudia (telenovela)""@es",20234760,"""María Elena Marqués""@es"
43677317,"""El honorable señor Valdez""@es",20234760,"""María Elena Marqués""@es"
22209354,"""Atrévete a soñar""@es",21357362,"""Danna Paola""@es"
22325348,"""Alondra (telenovela)""@es",21185435,"""Ernesto Laguardia""@es"
10714912,"""Mundo de fieras (telenovela de 2006)""@es",21185435,"""Ernesto Laguardia""@es"
56780934,"""Ringo (telenovela)""@es",21341406,"""José Ron""@es"
39831757,"""Mi segunda madre""@es",37583744,"""Alfredo Adame""@es"
19472742,"""Marisol (telenovela)""@es",8406720,"""Eduardo Santamarina""@es"
38639826,"""Libre para amarte""@es",8406720,"""Eduardo Santamarina""@es"
8279082,"""La mentira (telenovela de 1998)""@es",8277762,"""Eric del Castillo""@es"
22325348,"""Alondra (telenovela)""@es",8277762,"""Eric del Castillo""@es"
41575222,"""Lo que la vida me robó""@es",8277762,"""Eric del Castillo""@es"
35638553,"""Los Rey""@es",8703295,"""Juan Alfonso Baptista""@es"
18309817,"""El noveno mandamiento""@es",15478153,"""Daniela Castro""@es"
39831757,"""Mi segunda madre""@es",15478153,"""Daniela Castro""@es"
41575222,"""Lo que la vida me robó""@es",15478153,"""Daniela Castro""@es"
17825020,"""Cuidado con el ángel""@es",18256460,"""Evita Muñoz «Chachita»""@es"
41575222,"""Lo que la vida me robó""@es",17744328,"""Luis Roberto Guzmán""@es"
56142961,"""Por amar sin ley""@es",18379417,"""Víctor García (cantante mexicano)""@es"
43396327,"""Espejo de sombras""@es",21740197,"""Andrea Palma (actriz)""@es"
19472742,"""Marisol (telenovela)""@es",22098582,"""Enrique Álvarez Félix""@es"
22325348,"""Alondra (telenovela)""@es",22057821,"""Verónica Merchant""@es"
41575222,"""Lo que la vida me robó""@es",24133565,"""Alberto Estrella""@es"
17825020,"""Cuidado con el ángel""@es",24348163,"""Ana Patricia Rojo""@es"
10952913,"""Esmeralda (telenovela mexicana)""@es",24348163,"""Ana Patricia Rojo""@es"
41391510,"""El color de la pasión""@es",24679343,"""Arcelia Ramírez""@es"
41391510,"""El color de la pasión""@es",23733398,"""Esmeralda Pimentel""@es"
59041324,"""La reina soy yo""@es",23734496,"""Mane de la Parra""@es"
24496037,"""Corazón salvaje (telenovela de 2009)""@es",10561504,"""Eduardo Yáñez (actor)""@es"
10715560,"""La verdad oculta""@es",10561504,"""Eduardo Yáñez (actor)""@es"
56142961,"""Por amar sin ley""@es",11583582,"""Sergio Basáñez""@es"
8279082,"""La mentira (telenovela de 1998)""@es",11583582,"""Sergio Basáñez""@es"
21028302,"""Ángela (telenovela)""@es",13889028,"""Ignacio López Tarso""@es"
10952913,"""Esmeralda (telenovela mexicana)""@es",13889028,"""Ignacio López Tarso""@es"
43484248,"""De pocas, pocas pulgas""@es",13889028,"""Ignacio López Tarso""@es"
43677317,"""El honorable señor Valdez""@es",13889028,"""Ignacio López Tarso""@es"
41575222,"""Lo que la vida me robó""@es",13578175,"""Luis Uribe Orrego""@es"
56780934,"""Ringo (telenovela)""@es",13005207,"""Mariana Torres (actriz)""@es"
17825020,"""Cuidado con el ángel""@es",13374932,"""Ricardo Blume""@es"
43399206,"""De turno con la angustia""@es",35727151,"""Aarón Hernán""@es"
43399274,"""Más allá de la muerte (telenovela)""@es",35727151,"""Aarón Hernán""@es"
9606396,"""Salomé (telenovela)""@es",35727151,"""Aarón Hernán""@es"
19472742,"""Marisol (telenovela)""@es",35727151,"""Aarón Hernán""@es"
41575222,"""Lo que la vida me robó""@es",35711036,"""Gabriela Rivero""@es"
43395960,"""Claudia (telenovela)""@es",19812032,"""Miguel Córcega""@es"
50664014,"""Vino el amor""@es",44158587,"""Christian de la Campa""@es"
43396002,"""Donde comienza la tristeza""@es",46731329,"""Rita Macedo""@es"
17825020,"""Cuidado con el ángel""@es",14909073,"""Víctor Noriega""@es"
43400782,"""Cadenas de amor""@es",3410049,"""Ofelia Guilmáin""@es"
43400871,"""Cuidado con el ángel (telenovela de 1959)""@es",3410049,"""Ofelia Guilmáin""@es"
43396327,"""Espejo de sombras""@es",3410049,"""Ofelia Guilmáin""@es"
43392142,"""Milagro y magia""@es",3410049,"""Ofelia Guilmáin""@es"
56142961,"""Por amar sin ley""@es",42467474,"""Leticia Perdigón""@es"
50617183,"""Así son ellas""@es",42467474,"""Leticia Perdigón""@es"
43006265,"""Hasta el fin del mundo""@es",42467474,"""Leticia Perdigón""@es"
59041324,"""La reina soy yo""@es",42566854,"""Michelle Renaud""@es"
10721038,"""Amar sin límites""@es",42415236,"""Mónika Sánchez""@es"
8279082,"""La mentira (telenovela de 1998)""@es",42889284,"""Rosa María Bianchi""@es"
43226690,"""Vida robada (telenovela de 1991)""@es",42889284,"""Rosa María Bianchi""@es"
43400782,"""Cadenas de amor""@es",43646113,"""Aldo Monti""@es"
43303232,"""Pobre señorita Limantour""@es",43018548,"""Alicia Rodríguez (actriz mexicana)""@es"
41575222,"""Lo que la vida me robó""@es",43917750,"""Ana Bertha Espín""@es"
41391510,"""El color de la pasión""@es",43627513,"""Claudia Ramírez""@es"
14110744,"""María Isabel (telenovela de 1997)""@es",43177508,"""Lilia Aragón""@es"
56142961,"""Por amar sin ley""@es",43438644,"""Lourdes Munguía""@es"
50617183,"""Así son ellas""@es",43438644,"""Lourdes Munguía""@es"
43395599,"""Amar fue su pecado""@es",43915345,"""Magda Guzmán""@es"
43396309,"""Dos caras tiene el destino""@es",43915345,"""Magda Guzmán""@es"
43396420,"""El hombre de oro""@es",43915345,"""Magda Guzmán""@es"
43611558,"""La gata (telenovela de 1970)""@es",43915345,"""Magda Guzmán""@es"
56142961,"""Por amar sin ley""@es",43867575,"""Manuel Balbi""@es"
50664014,"""Vino el amor""@es",43508994,"""Mar Contreras""@es"
41575222,"""Lo que la vida me robó""@es",43297180,"""Osvaldo Benavides""@es"
50664014,"""Vino el amor""@es",43626007,"""Sofía Castro""@es"
43303232,"""Pobre señorita Limantour""@es",30866092,"""Ofelia Cano""@es"
43399274,"""Más allá de la muerte (telenovela)""@es",31338986,"""Miguel Manzano""@es"
43397035,"""Murallas blancas""@es",31338986,"""Miguel Manzano""@es"
43397748,"""Vida por vida (telenovela mexicana)""@es",31338986,"""Miguel Manzano""@es"
43396453,"""El juicio de los padres""@es",46760427,"""Virginia Manzano""@es"
22027867,"""Si Dios me quita la vida""@es",39832081,"""Enrique Lizalde""@es"
10952913,"""Esmeralda (telenovela mexicana)""@es",39832081,"""Enrique Lizalde""@es"
41263337,"""Siempre tuya Acapulco""@es",40669237,"""Gabriela Roel""@es"
43303232,"""Pobre señorita Limantour""@es",40001071,"""Víctor Cámara""@es"
18309817,"""El noveno mandamiento""@es",41560566,"""Alma Muriel""@es"
10721038,"""Amar sin límites""@es",41560566,"""Alma Muriel""@es"
43434856,"""Atrapada (telenovela)""@es",41560566,"""Alma Muriel""@es"
10016207,"""Muchachitas como tú""@es",41468477,"""Begoña Narváez""@es"
38611337,"""Te presento a Valentín""@es",41080795,"""Carlos de la Mota""@es"
41575222,"""Lo que la vida me robó""@es",41080795,"""Carlos de la Mota""@es"
41263337,"""Siempre tuya Acapulco""@es",41459214,"""Daniel Elbittar""@es"
8279082,"""La mentira (telenovela de 1998)""@es",41098624,"""Karla Álvarez""@es"
18498743,"""Mañana es para siempre""@es",41195194,"""Sergio Sendel""@es"
41575222,"""Lo que la vida me robó""@es",41195194,"""Sergio Sendel""@es"
43226690,"""Vida robada (telenovela de 1991)""@es",41720414,"""Sonia Furió""@es"
43396002,"""Donde comienza la tristeza""@es",9369951,"""Carlos Cores""@es"
43395689,"""La ambiciosa (telenovela)""@es",9369951,"""Carlos Cores""@es"
56142961,"""Por amar sin ley""@es",57005805,"""Moisés Arizmendi""@es"
