id,label,category
30311456,La dueña (telenovela de 1995),telenovela
2899885,Alcanzar una estrella II,telenovela
2659808,Mi pequeña Soledad,telenovela
45185186,Lo blanco y lo negro,telenovela
45039324,Aprendiendo a amar,telenovela
50034729,Gente bien,telenovela
12060503,La otra (telenovela),telenovela
44734260,Ha llegado una intrusa,telenovela
49829307,Mi querida Isabel,telenovela
6063374,¡Vivan los niños!,telenovela
6449130,Amor en silencio,telenovela
45033491,Amor de nadie,telenovela
49855224,Canción de amor (telenovela),telenovela
26144851,"Zacatillo, un lugar en tu corazón",telenovela
48548443,Un camino hacia el destino,telenovela
3854854,Amor real,telenovela
49965579,Amor gitano (telenovela mexicana),telenovela
49916746,Preciosa,telenovela
26730771,Luz Clarita,telenovela
45205235,Las grandes aguas,telenovela
45681822,Encadenados (telenovela),telenovela
45465510,Seducción (telenovela),telenovela
50076902,El secreto de Alejandra,telenovela
31896749,Dos hogares,telenovela
3297493,Piel de otoño,telenovela
37444146,Te sigo amando,telenovela
27851364,Alma de hierro,telenovela
44757128,Lo que el cielo no perdona,telenovela
32486569,Esperanza del corazón,telenovela
5685147,La fea más bella,telenovela
45483445,Tal como somos (telenovela),telenovela
28116313,Simplemente María (telenovela de 1989),telenovela
27982218,Sueños y caramelos,telenovela
25971688,Juro que te amo,telenovela
36805363,El juego de la vida (telenovela mexicana),telenovela
49931824,Una luz en el camino,telenovela
26417455,Niña de mi corazón,telenovela
32686082,Miss XV,telenovela
61733608,Vencer el miedo,telenovela
32111200,El equipo,telenovela
33709206,Un refugio para el amor,telenovela
25300989,Mar de amor,telenovela
50015159,La jaula de oro (telenovela),telenovela
37180945,Bodas de odio,telenovela
45052335,Juegos del destino,telenovela
22921474,Camaleones (telenovela),telenovela
4453807,Aventuras en el tiempo,telenovela
3370569,Amigos por siempre (telenovela),telenovela
45542224,El alma no tiene color,telenovela
26114336,Entre el amor y el odio,telenovela
33720317,Amor bravío,telenovela
7891048,El diario de Daniela,telenovela
3145533,Rosalinda (telenovela),telenovela
37310395,Siempre te amaré (telenovela),telenovela
26731401,El derecho de nacer (telenovela de 2001),telenovela
30604219,Imperio de cristal,telenovela
49595649,Mágica juventud,telenovela
49896844,Alguna vez tendremos alas,telenovela
49850993,Azul (telenovela),telenovela
29378583,Vivo por Elena,telenovela
49736680,Bajo un mismo rostro,telenovela
47149066,La fuerza del amor (telenovela),telenovela
45205471,El ángel caído (telenovela),telenovela
45163881,La casa al final de la calle,telenovela
3804927,Corazón salvaje (telenovela de 1993),telenovela
49853610,Morir dos veces,telenovela
7905446,María la del barrio (telenovela),telenovela
50073142,"Salud, dinero y amor",telenovela
49885058,Tú y yo (telenovela),telenovela
47235222,La gata (telenovela de 2014),telenovela
2963811,Amigas y rivales,telenovela
3381621,Quinceañera (telenovela),telenovela
45036233,Al rojo vivo (telenovela),telenovela
49610651,Capricho (telenovela),telenovela
31008675,Ni contigo ni sin ti,telenovela
31267614,Rafaela (telenovela de 2011),telenovela
5547088,Sentimientos ajenos,telenovela
4515800,Barrera de amor,telenovela
3406936,Alborada (telenovela),telenovela
2046188,Mundo de juguete,telenovela
27482326,Cuando me enamoro (telenovela),telenovela
46273961,Caminos de Guanajuato,telenovela
45094706,Guadalupe (telenovela mexicana),telenovela
45340860,Marionetas (telenovela),telenovela
32915739,Amorcito corazón (telenovela),telenovela
47570086,Mentir para vivir,telenovela
5523348,Código postal (telenovela),telenovela
34162327,Amor cautivo,telenovela
49854542,Para toda la vida,telenovela
47130158,Cenizas y diamantes (telenovela),telenovela
48884055,Infamia (telenovela),telenovela
45185435,El cristal empañado,telenovela
45094787,La pasión de Isabela,telenovela
19012164,Un gancho al corazón,telenovela
49875076,La culpa (telenovela),telenovela
49763300,Retrato de familia (telenovela mexicana),telenovela
2046282,Cuna de lobos,telenovela
49858181,La sombra del otro,telenovela
49641638,Entre la vida y la muerte (telenovela),telenovela
45513470,Dos vidas (telenovela mexicana),telenovela
49936891,Infierno en el paraíso,telenovela
36538624,"Amy, la niña de la mochila azul",telenovela
12385024,Camila (telenovela),telenovela
2178427,Rubí (telenovela de 2004),telenovela
3007086,Azul tequila,telenovela
24905245,Alma rebelde,telenovela
3006486,Nada personal (telenovela),telenovela
2392988,Clase 406,telenovela
2415826,Teresa (telenovela de 2010),telenovela
3939570,Alcanzar una estrella,telenovela
48588521,Morir para vivir,telenovela
6038504,Heridas de amor,telenovela
29667099,La antorcha encendida,telenovela
49967773,Desencuentro,telenovela
45088562,Aprendiendo a vivir,telenovela
26731123,Mujeres engañadas,telenovela
49682934,Caminos cruzados,telenovela
49867985,Bendita mentira,telenovela
32341835,Tres mujeres (telenovela),telenovela
49783220,María José (telenovela de 1995),telenovela
50023378,No tengo madre,telenovela
49915966,Sin ti (telenovela),telenovela
32435362,La esposa virgen,telenovela
37415601,Teresa (telenovela de 1989),telenovela
30887944,Rencor apasionado,telenovela
45064721,Vivir enamorada,telenovela
45302771,Senda de gloria,telenovela
45222555,Esperándote,telenovela
45275418,El engaño (telenovela mexicana),telenovela
12710386,Mi destino eres tú,telenovela
45420835,Monte Calvario (telenovela),telenovela
4368436,Senda prohibida,telenovela
3137645,Rina (telenovela),telenovela
33091456,"Pueblo chico, infierno grande (telenovela)",telenovela
2315806,Rosa salvaje,telenovela
1703591,La usurpadora (telenovela mexicana),telenovela
35230321,Cachito de cielo,telenovela
49610204,Buscando el paraíso,telenovela
26045599,Velo de novia,telenovela
6806013,El pecado de Oyuki (telenovela),telenovela
6829107,La venganza (telenovela de 1977),telenovela
27989284,Atrévete a olvidarme,telenovela
28679156,Carita de ángel,telenovela
31141007,Por un beso,telenovela
51106337,Pablo y Andrea,telenovela
48742376,Bajo las riendas del amor,telenovela
3007248,Mirada de mujer,telenovela
49782505,La paloma (telenovela),telenovela
12702405,Yo amo a Juan Querendón,telenovela
45252134,Cicatrices del alma,telenovela
45239625,Ave fénix (telenovela),telenovela
7562624,Carrusel (telenovela),telenovela
52476419,Enamorándome de Ramón,telenovela
37984175,El retrato de Dorian Gray (telenovela),telenovela
44628932,Vida robada (telenovela de 1961),telenovela
45445346,Pobre juventud,telenovela
43400871,Cuidado con el ángel (telenovela de 1959),telenovela
43397075,El otro (telenovela),telenovela
43397042,Pensión de mujeres (telenovela),telenovela
21028302,Ángela (telenovela),telenovela
22181826,Huracán (telenovela),telenovela
43399274,Más allá de la muerte (telenovela),telenovela
43395793,Cartas de amor (telenovela),telenovela
38639826,Libre para amarte,telenovela
43397748,Vida por vida (telenovela mexicana),telenovela
43396576,Mi amor frente al pasado,telenovela
24496037,Corazón salvaje (telenovela de 2009),telenovela
10721038,Amar sin límites,telenovela
56142961,Por amar sin ley,telenovela
43006265,Hasta el fin del mundo,telenovela
10715189,Duelo de pasiones,telenovela
43226690,Vida robada (telenovela de 1991),telenovela
41263337,Siempre tuya Acapulco,telenovela
35493409,Abismo de pasión,telenovela
22209354,Atrévete a soñar,telenovela
43457473,El peñón del amaranto,telenovela
21103702,Sortilegio (telenovela),telenovela
43611558,La gata (telenovela de 1970),telenovela
41575222,Lo que la vida me robó,telenovela
35638553,Los Rey,telenovela
19472742,Marisol (telenovela),telenovela
43399206,De turno con la angustia,telenovela
10034681,El privilegio de amar,telenovela
22027867,Si Dios me quita la vida,telenovela
10714912,Mundo de fieras (telenovela de 2006),telenovela
14110744,María Isabel (telenovela de 1997),telenovela
20352419,Bajo la misma piel,telenovela
8279082,La mentira (telenovela de 1998),telenovela
43400782,Cadenas de amor,telenovela
43396420,El hombre de oro,telenovela
22197894,La pícara soñadora,telenovela
43392142,Milagro y magia,telenovela
17825020,Cuidado con el ángel,telenovela
10952913,Esmeralda (telenovela mexicana),telenovela
15190345,Palabra de mujer (telenovela),telenovela
9688010,María Mercedes (telenovela),telenovela
43303232,Pobre señorita Limantour,telenovela
18309817,El noveno mandamiento,telenovela
43397704,Un rostro en el pasado,telenovela
18498743,Mañana es para siempre,telenovela
42903486,Mi corazón es tuyo,telenovela
38611337,Te presento a Valentín,telenovela
39831757,Mi segunda madre,telenovela
43396327,Espejo de sombras,telenovela
43751589,Los miserables (telenovela de 1973),telenovela
43434856,Atrapada (telenovela),telenovela
43396480,María Guadalupe,telenovela
43395896,La casita del odio,telenovela
43397727,Secretaria o mujer,telenovela
43223141,Yo no creo en los hombres (telenovela de 2014),telenovela
50664014,Vino el amor,telenovela
41391510,El color de la pasión,telenovela
21068023,Amada enemiga,telenovela
38104346,Locura de amor (telenovela),telenovela
10715560,La verdad oculta,telenovela
22325348,Alondra (telenovela),telenovela
43484248,"De pocas, pocas pulgas",telenovela
9606396,Salomé (telenovela),telenovela
43396309,Dos caras tiene el destino,telenovela
43395599,Amar fue su pecado,telenovela
10096749,Los ricos también lloran,telenovela
59041324,La reina soy yo,telenovela
9426720,La hija del jardinero,telenovela
43395960,Claudia (telenovela),telenovela
43395090,El diario de una señorita decente,telenovela
43397687,El rapto (telenovela),telenovela
17343940,Querida enemiga,telenovela
10016207,Muchachitas como tú,telenovela
19937752,"Mirada de mujer, el regreso",telenovela
50617183,Así son ellas,telenovela
43677317,El honorable señor Valdez,telenovela
56780934,Ringo (telenovela),telenovela
43396002,Donde comienza la tristeza,telenovela
43397035,Murallas blancas,telenovela
43396453,El juicio de los padres,telenovela
43395689,La ambiciosa (telenovela),telenovela
11998042,Angélica Rivera,actor
12792843,Elsa Aguirre,actor
12664412,Ernesto Alonso,actor
12280049,Isela Vega,actor
11981369,Jacqueline Andere,actor
12351536,Joaquín Cordero,actor
12795237,Jorge Aravena (actor),actor
12047380,Mauricio Islas,actor
11998526,Sussan Taunton,actor
27180573,José Carlos Ruiz,actor
27097779,Leonardo Daniel,actor
26214907,Rosita Quintana,actor
26316927,Sergio Goyri,actor
28123767,Blanca Guerra,actor
28094532,Julissa,actor
28479135,Manuel Saval,actor
31187363,Ana Brenda Contreras,actor
31339310,Margarita Magaña,actor
30473818,Mariana Botas,actor
31379220,Paulina Goto,actor
30818490,Samadhi Zendejas,actor
30391520,Zuria Vega,actor
54346416,Antonio Medellín,actor
17522852,Bertín Osborne,actor
35471069,Yolanda Mérida,actor
36786772,Lucy Gallardo,actor
156762,Belinda (cantante),actor
166331,Celia Cruz,actor
288167,César Évora,actor
157860,Daniela Luján,actor
233413,Fernando Carrillo (actor),actor
177056,Kate del Castillo,actor
240339,Lucía Méndez (actriz),actor
189850,Saúl Lisazo,actor
361973,Eduardo Palomo,actor
406613,Itatí Cantoral,actor
357723,Joan Sebastian,actor
399805,Keiko (orca),actor
477840,Laura Zapata,actor
408697,Ludwika Paleta,actor
437464,María Antonieta de las Nieves,actor
431302,Salvador Pineda,actor
363163,Thalía,actor
468967,Victoria Ruffo,actor
7873992,Alessandra Rosaldo,actor
7354003,Chantal Andere,actor
8016517,Daniela Romo,actor
7485563,Gloria Marín,actor
7236156,Jorge Lavat,actor
7346154,Silvia Navarro,actor
31927744,Alberto Guerra (actor),actor
32536229,Alma Delfina,actor
32268726,Diego Olivera,actor
32587419,Fabián Robles,actor
32696552,Jessica Coch,actor
32523940,Lisardo,actor
31922315,Marimar Vega,actor
32083607,María Sorté,actor
32651200,Roberto Blandón,actor
31922056,Sergio Bustamante,actor
33193871,Diana Golden,actor
32792246,Héctor Bonilla,actor
33209053,Luz María Aguilar,actor
33209150,Raúl Araiza Herrera,actor
35209680,Alejandro Camacho,actor
35383771,Claudia Islas,actor
34949740,Flavio Medina,actor
34010093,Irma Dorantes,actor
34683464,Laura Carmine,actor
12795632,Fernando Ciangherotti,actor
19350385,Scarlet Ortiz,actor
26045918,René Casados,actor
693474,Alicia Machado,actor
665102,Erick Elías,actor
706482,Tatiana (cantante),actor
1157930,Biby Gaytán,actor
1363900,Bárbara Mori,actor
1354058,Eduardo Verástegui,actor
1350212,Laura León,actor
1325618,Luis José Santander,actor
1153351,Lupita Ferrer,actor
1960404,Aarón Díaz,actor
1991791,Angelique Boyer,actor
2006063,Arath de la Torre,actor
1992343,Eduardo Capetillo,actor
1992812,Irán Castillo,actor
1991999,Jacqueline Bracamontes,actor
1928290,Juan Ferrara,actor
1991524,Julio Alemán,actor
1850664,Katie Barberi,actor
2004538,Kuno Becker,actor
2091936,Mapita Cortés,actor
1863889,Marga López,actor
1819808,Mariana Levy,actor
1990934,Ninel Conde,actor
1865671,Pedro Armendáriz Jr.,actor
1991784,Saby Kamalich,actor
1826859,Sebastián Rulli,actor
1859066,Susana Dosamantes,actor
1992576,Yadhira Carrillo,actor
16336571,Karen Sentíes,actor
32641576,July Furlong,actor
32647915,Marisol del Olmo,actor
45095259,Lorenzo de Rodas,actor
5166365,Alejandro Tommasi,actor
4971535,Ariel López Padilla,actor
4756526,Arleth Terán,actor
4841686,Eleazar Gómez,actor
4983336,Ernesto Gómez Cruz,actor
5108667,Frances Ondiviela,actor
4886969,Guy Ecker,actor
4678461,Irán Eory,actor
4938521,Jack Duarte,actor
5348566,Omar Fierro,actor
4966922,Patricia Reyes Spíndola,actor
4869561,Valentino Lanús,actor
25770676,Blanca Sánchez,actor
25438559,Diana Bracho,actor
25597353,Elsa Cárdenas,actor
26046237,Guillermo García Cantú,actor
25219119,Leticia Calderón,actor
25790317,Rocío Banquells,actor
25801881,Susana Zabaleta,actor
25450414,Tina Romero,actor
25569589,Úrsula Prats,actor
47517301,Bárbara Gil,actor
47476437,Carlos Bracho,actor
47667283,Danilo Carrera,actor
47135421,Gonzalo Vega,actor
47539590,Guillermo Murray,actor
47782283,María Rubio,actor
47161676,Norma Lazareno,actor
46922333,Olivia Bucio,actor
47350012,Sergio Catalán Duque,actor
87915,Adamari López,actor
102916,Johnny Lozada,actor
73695,Katy Jurado,actor
84065,Ricky Martin,actor
88779,Verónica Castro,actor
27717,Salma Hayek,actor
1384668,Arturo Peniche,actor
1426293,Carlos Ponce,actor
1424770,José José,actor
1559596,Patricia Navidad,actor
5974072,Danna García,actor
6000604,David Ostrosky,actor
6101781,Elizabeth Álvarez,actor
5817051,Eugenia Cauduro,actor
6017362,Gabriela Spanic,actor
5580279,Pedro Fernández (cantante),actor
5469869,Susana González (actriz),actor
6805192,Ana Martín,actor
6404557,David Zepeda,actor
6829356,Helena Rojo,actor
6375897,Jery Sandoval,actor
6328352,Jorge Salinas,actor
6223965,José Ángel Llamas,actor
6704050,Karyme Lozano,actor
6806480,Nuria Bages,actor
18821023,Alicia Montoya,actor
18801841,Beatriz Sheridan,actor
18708454,Bianca Marroquín,actor
18818537,Dina de Marco,actor
18787779,Fernando Balzaretti,actor
18818234,Jorge Martínez de Hoyos,actor
19253733,Jorge Ortiz de Pinedo,actor
18798693,Yolanda Andrade (actriz),actor
22605220,Alejandra Lazcano,actor
44327373,Agustín Arana,actor
45257054,Alejandra Procuna,actor
44414066,Alejandra Ávalos,actor
44225876,Alejandro Speitzer,actor
44210475,Amairani,actor
44277694,Armando Araiza,actor
44182630,Daniela Aedo,actor
45268625,Enrique Novi,actor
44881822,Enrique Rocha,actor
45076189,Horacio Pancheri,actor
44924446,Juan Carlos Barreto,actor
44137426,Rafael Inclán,actor
44217888,Rogelio Guerra,actor
44586692,Sylvia Pasquel,actor
46843776,Beatriz Aguirre,actor
45547170,Jade Fraser,actor
46584519,Joaquín Garrido,actor
46731510,Martha Roth,actor
46636576,Ricardo Franco (actor),actor
46477064,Roberto Ballesteros,actor
54720064,Virginia Gutiérrez,actor
2409374,Adela Noriega,actor
2577485,Anahí Puente,actor
2534866,Aracely Arámbula,actor
2379650,Demián Bichir,actor
2330928,Edith González,actor
2357491,Guillermo Capetillo,actor
2552029,Libertad Lamarque,actor
2578465,Michelle Vieth,actor
2218420,Rafael Sánchez-Navarro,actor
770559,Lorena Herrera,actor
14237712,Alejandra Meyer,actor
906740,Fernando Allende,actor
990446,Gaspar Henaine,actor
836918,Maribel Guardia,actor
916630,Patricia Manterola,actor
4134197,Adriana Fonseca,actor
3887774,Carmen Montejo,actor
4133761,Christian Chávez,actor
3937348,Christopher Uckermann,actor
4092617,Cristián de la Fuente,actor
4399338,Eugenio Derbez,actor
4049196,Fabiola Campomanes,actor
4291951,Fernando Colunga,actor
4157870,Gabriel Soto,actor
3910851,Marcelo Buquet,actor
3977763,Miguel de León,actor
4011589,Nailea Norvind,actor
4363107,Sabine Moussier,actor
3947992,Sara García,actor
4537913,Sara Maldonado,actor
4454030,Sherlyn González,actor
3894552,Silvia Derbez,actor
4340430,Zaide Silvia Gutiérrez,actor
3067901,Ana Colchero,actor
3109493,Ana Layevska,actor
3007578,Angélica Aragón,actor
3001477,Angélica María,actor
3086726,Dulce María,actor
3187032,Erika Buenfil,actor
3128788,Fernando Luján,actor
3028186,Imanol Landeta,actor
2664296,Joana Benedek,actor
3198019,Laisha Wilkins,actor
3143244,Maite Perroni,actor
2871187,Mario Cimarro,actor
3172002,Mercedes Moltó,actor
3177865,Ofelia Medina,actor
3119186,Roberto Vander,actor
3187033,Yolanda Ventura,actor
3326791,Alexis Ayala,actor
3222044,Alfonso Herrera (actor),actor
3716340,Angélica Vale,actor
3222123,Ari Telch,actor
3308696,Christian Bach,actor
3297356,Cynthia Klitbo,actor
3567969,Francisco Gattorno,actor
3550926,Gregorio Casal,actor
3214866,Humberto Zurita,actor
3213536,Héctor Soberón,actor
3510380,Jaime Camil,actor
3215403,Juan Soler,actor
3223380,Laura Flores,actor
3634892,Lucero (cantante),actor
3503832,Lupita D'Alessio,actor
3362939,Manuel Landeta,actor
3214463,Manuel Ojeda,actor
3595438,Mariana Seoane,actor
3308948,Mauricio Ochmann,actor
3777275,Natalia Streignard,actor
3613152,Patricio Borghetti,actor
3765229,Rafael Rojas (actor),actor
3381000,René Muñoz,actor
3342964,René Strickler,actor
3494319,Sasha Sokol,actor
3226315,Ingrid Martz,actor
3213864,Otto Sirgo,actor
36974205,José Alonso (actor),actor
37083408,Susana Alexander,actor
3576665,Noé Murayama,actor
49554125,Carlos Cámara,actor
55961006,Irma Lozano,actor
55743327,Rosario Gálvez,actor
57440073,Jaime Garza,actor
58762428,Macaria (actriz),actor
62352567,Gabriela Goldsmith,actor
47162623,Frank Moro,actor
31922536,Julieta Egurrola,actor
10449583,Arap Bethke,actor
10124104,Germán Robles,actor
10501392,Lorena Rojas,actor
10452934,Olga Breeskin,actor
10317576,Raquel Olmedo,actor
10441762,Sebastián Ligarde,actor
17007913,Altaír Jarabo,actor
16252112,Mayrín Villanueva,actor
16405225,Natasha Dupeyrón,actor
20086647,Aitor Iturrioz,actor
19724668,Alejandro Ávila,actor
19489129,Daniel Giménez Cacho,actor
19446532,Jorge Poza,actor
21181679,Armando Calvo,actor
21357362,Danna Paola,actor
21185435,Ernesto Laguardia,actor
21146417,Gustavo Rojo,actor
21341406,José Ron,actor
21133077,Julio Bracho,actor
37583744,Alfredo Adame,actor
38240969,África Zavala,actor
50287956,Emmanuel Palomares,actor
8406720,Eduardo Santamarina,actor
8277762,Eric del Castillo,actor
8910947,Iliana Fox,actor
15478153,Daniela Castro,actor
18256460,Evita Muñoz «Chachita»,actor
17744328,Luis Roberto Guzmán,actor
17925306,Nora Salinas,actor
17417485,Ximena Sariñana,actor
22098582,Enrique Álvarez Félix,actor
22031011,Erik Rubín,actor
22057821,Verónica Merchant,actor
24133565,Alberto Estrella,actor
24348163,Ana Patricia Rojo,actor
24679343,Arcelia Ramírez,actor
23733398,Esmeralda Pimentel,actor
23734496,Mane de la Parra,actor
24077717,Mariana Garza,actor
10565337,Claudio Brook,actor
10561504,Eduardo Yáñez (actor),actor
10610623,Odiseo Bichir,actor
10848785,Sergio Mayer,actor
13889028,Ignacio López Tarso,actor
13398394,Lisette Morelos,actor
13374932,Ricardo Blume,actor
36052916,Andrea Legarreta,actor
36087188,Andrés Palacios,actor
35711036,Gabriela Rivero,actor
35886899,Macarena Achaga,actor
35614902,Rafael Baledón,actor
23571990,Carina Ricco,actor
46731329,Rita Macedo,actor
14380338,Julieta Rosen,actor
14909073,Víctor Noriega,actor
3410049,Ofelia Guilmáin,actor
3382910,Sergio Klainer,actor
42718219,Alejandro Ibarra,actor
42681532,Brandon Peniche,actor
42267586,Daniel Arenas,actor
42467474,Leticia Perdigón,actor
42415236,Mónika Sánchez,actor
42628792,Natalia Esperón,actor
42889284,Rosa María Bianchi,actor
42682723,Silvia Mariscal,actor
42583689,Tiaré Scanda,actor
43018548,Alicia Rodríguez (actriz mexicana),actor
43099308,Carlos Ancira,actor
43909180,Carmen Aub,actor
43937724,Carmen Salinas,actor
43627513,Claudia Ramírez,actor
43913625,Delia Casanova,actor
44002779,Erik Hayser,actor
43177508,Lilia Aragón,actor
43915345,Magda Guzmán,actor
43386227,Paty Díaz,actor
43921020,Rebecca Jones,actor
28272617,Anabel Ferreira,actor
39832081,Enrique Lizalde,actor
40669237,Gabriela Roel,actor
41560566,Alma Muriel,actor
41098624,Karla Álvarez,actor
41195194,Sergio Sendel,actor
41720414,Sonia Furió,actor
5168560,Oscar Morelli,actor
63001375,Patricia Bernal,actor
8723952,Antonio De Carlo,actor
8750755,Sergio Jiménez,actor
11906311,Amparo Rivelles,actor
12161420,Osvaldo Ríos,actor
26690818,Julián Gil,actor
28115414,Alberto Guerra,actor
27592091,Rossana San Juan,actor
31195666,Emma Roldán,actor
30546786,Rossana Nájera,actor
35322374,Emma Laura,actor
159493,Gloria Trevi,actor
351479,Andrés García,actor
440526,Angelines Fernández,actor
433623,Florinda Meza,actor
7487937,María Rojo,actor
31979158,Aura Cristina Geithner,actor
31921925,Bernie Paz,actor
32235608,Livia Brito,actor
32646734,Marcelo Córdoba,actor
31560001,Marjorie de Sousa,actor
33308385,Rafael Banquells,actor
34309067,Claudia Álvarez,actor
34245143,Fanny Schiller,actor
34030741,Kimberly Dos Ramos,actor
34685646,Mark Tacher,actor
34823197,Salvador Zerboni,actor
1303663,Dominika Paleta,actor
34244707,Antonio Raxel,actor
5107622,Adriana Louvier,actor
5108224,Gaby Espino,actor
5149245,Grettell Valdez,actor
5091964,Leonardo García (actor),actor
26046396,Cecilia Gabriela,actor
25473789,Maricruz Olivier,actor
24869732,Verónica Jaspeado,actor
46871792,María Rivas (actriz),actor
47425717,Melissa Barrera,actor
47518742,Ramón Gay,actor
1659117,Fernando Rey,actor
5688638,Alejandra Barros,actor
5632141,Geraldine Bazán,actor
6015496,Marisol González (periodista mexicana),actor
19204958,Eduardo Fajardo,actor
22825406,Elizabeth Gutiérrez,actor
23644008,Ferdinando Valencia,actor
23075043,Violeta Isfel,actor
44371354,Adriana Nieto,actor
44817318,Alejandra García (actriz),actor
44393533,Ilithya Manzanilla,actor
44449107,Lidia Ávila,actor
44094217,Polo Morín,actor
44266039,Ximena Romo,actor
46680468,Anita Blanch,actor
45597773,José Eduardo Derbez,actor
45453481,Lambda García,actor
46300493,Luciano Zacharski,actor
2460015,Mariana Ochoa,actor
68101020,María Teresa Rivas,actor
1016510,Pablo Montero,actor
4017227,José María Torre,actor
28934117,Ariadne Díaz,actor
3109663,Maya Mishalska,actor
3392797,Azela Robinson,actor
3849632,Liliana Abud,actor
3768976,Vanessa Guzmán,actor
57689372,Carlos Torres (actor),actor
57676538,Pablo Valentín,actor
60054862,Luz María Jerez,actor
62345196,José Elías Moreno (hijo),actor
52266131,Eva Calvo (actriz),actor
9934702,Galilea Montijo,actor
10251250,Michel Brown,actor
16837917,William Levy,actor
19393483,Luz Elena González,actor
20234760,María Elena Marqués,actor
8703295,Juan Alfonso Baptista,actor
18379417,Víctor García (cantante mexicano),actor
21740197,Andrea Palma (actriz),actor
11583582,Sergio Basáñez,actor
13578175,Luis Uribe Orrego,actor
13005207,Mariana Torres (actriz),actor
35727151,Aarón Hernán,actor
19812032,Miguel Córcega,actor
44158587,Christian de la Campa,actor
42566854,Michelle Renaud,actor
43646113,Aldo Monti,actor
43917750,Ana Bertha Espín,actor
43438644,Lourdes Munguía,actor
43867575,Manuel Balbi,actor
43508994,Mar Contreras,actor
43297180,Osvaldo Benavides,actor
43626007,Sofía Castro,actor
30866092,Ofelia Cano,actor
31338986,Miguel Manzano,actor
46760427,Virginia Manzano,actor
40001071,Víctor Cámara,actor
41468477,Begoña Narváez,actor
41080795,Carlos de la Mota,actor
41459214,Daniel Elbittar,actor
9369951,Carlos Cores,actor
57005805,Moisés Arizmendi,actor
